,time,power in kW
2020-06-01,00:15:00,37.312
2020-06-01,00:30:00,52.876
2020-06-01,00:45:00,44.396
2020-06-01,01:00:00,41.036
2020-06-01,01:15:00,40.536
2020-06-01,01:30:00,37.504
2020-06-01,01:45:00,45.992
2020-06-01,02:00:00,47.444
2020-06-01,02:15:00,42.084
2020-06-01,02:30:00,44.208
2020-06-01,02:45:00,42.728
2020-06-01,03:00:00,35.556
2020-06-01,03:15:00,35.828
2020-06-01,03:30:00,37.688
2020-06-01,03:45:00,34.156
2020-06-01,04:00:00,35.332
2020-06-01,04:15:00,30.96
2020-06-01,04:30:00,28.868
2020-06-01,04:45:00,36.884
2020-06-01,05:00:00,32.444
2020-06-01,05:15:00,31.764
2020-06-01,05:30:00,32.768
2020-06-01,05:45:00,27.548
2020-06-01,06:00:00,18.948
2020-06-01,06:15:00,12.2
2020-06-01,06:30:00,14.252
2020-06-01,06:45:00,15.348
2020-06-01,07:00:00,4.64
2020-06-01,07:15:00,6.728
2020-06-01,07:30:00,7.304
2020-06-01,07:45:00,12.248
2020-06-01,08:00:00,17.48
2020-06-01,08:15:00,39.748
2020-06-01,08:30:00,38.952
2020-06-01,08:45:00,39.568
2020-06-01,09:00:00,53.56
2020-06-01,09:15:00,59.124
2020-06-01,09:30:00,71.712
2020-06-01,09:45:00,93.704
2020-06-01,10:00:00,86.652
2020-06-01,10:15:00,103.556
2020-06-01,10:30:00,117.22
2020-06-01,10:45:00,142.272
2020-06-01,11:00:00,136.272
2020-06-01,11:15:00,143.176
2020-06-01,11:30:00,161.52
2020-06-01,11:45:00,177.068
2020-06-01,12:00:00,145.784
2020-06-01,12:15:00,128.96
2020-06-01,12:30:00,105.66
2020-06-01,12:45:00,135.968
2020-06-01,13:00:00,116.212
2020-06-01,13:15:00,105.424
2020-06-01,13:30:00,118.444
2020-06-01,13:45:00,128.124
2020-06-01,14:00:00,89.288
2020-06-01,14:15:00,92.048
2020-06-01,14:30:00,117.6
2020-06-01,14:45:00,118.42
2020-06-01,15:00:00,145.884
2020-06-01,15:15:00,114.544
2020-06-01,15:30:00,94.124
2020-06-01,15:45:00,87.7
2020-06-01,16:00:00,91.032
2020-06-01,16:15:00,95.028
2020-06-01,16:30:00,99.132
2020-06-01,16:45:00,125.292
2020-06-01,17:00:00,131.196
2020-06-01,17:15:00,135.444
2020-06-01,17:30:00,159.756
2020-06-01,17:45:00,147.0
2020-06-01,18:00:00,142.044
2020-06-01,18:15:00,112.488
2020-06-01,18:30:00,137.34
2020-06-01,18:45:00,142.648
2020-06-01,19:00:00,139.424
2020-06-01,19:15:00,112.176
2020-06-01,19:30:00,110.396
2020-06-01,19:45:00,72.268
2020-06-01,20:00:00,73.64
2020-06-01,20:15:00,78.928
2020-06-01,20:30:00,91.948
2020-06-01,20:45:00,93.228
2020-06-01,21:00:00,81.004
2020-06-01,21:15:00,59.084
2020-06-01,21:30:00,82.82
2020-06-01,21:45:00,53.284
2020-06-01,22:00:00,47.904
2020-06-01,22:15:00,53.292
2020-06-01,22:30:00,43.672
2020-06-01,22:45:00,60.516
2020-06-01,23:00:00,63.88
2020-06-01,23:15:00,73.02
2020-06-01,23:30:00,71.844
2020-06-01,23:45:00,63.344
2020-06-01,00:00:00,57.324
2020-06-02,00:15:00,72.648
2020-06-02,00:30:00,67.152
2020-06-02,00:45:00,70.4
2020-06-02,01:00:00,65.824
2020-06-02,01:15:00,66.464
2020-06-02,01:30:00,65.108
2020-06-02,01:45:00,57.504
2020-06-02,02:00:00,60.676
2020-06-02,02:15:00,59.988
2020-06-02,02:30:00,59.492
2020-06-02,02:45:00,57.912
2020-06-02,03:00:00,50.756
2020-06-02,03:15:00,59.424
2020-06-02,03:30:00,60.188
2020-06-02,03:45:00,66.544
2020-06-02,04:00:00,63.528
2020-06-02,04:15:00,63.852
2020-06-02,04:30:00,69.32
2020-06-02,04:45:00,68.064
2020-06-02,05:00:00,67.472
2020-06-02,05:15:00,78.496
2020-06-02,05:30:00,77.464
2020-06-02,05:45:00,68.036
2020-06-02,06:00:00,54.812
2020-06-02,06:15:00,48.076
2020-06-02,06:30:00,61.98
2020-06-02,06:45:00,65.888
2020-06-02,07:00:00,57.528
2020-06-02,07:15:00,89.208
2020-06-02,07:30:00,112.66
2020-06-02,07:45:00,119.904
2020-06-02,08:00:00,146.896
2020-06-02,08:15:00,159.42
2020-06-02,08:30:00,148.776
2020-06-02,08:45:00,154.716
2020-06-02,09:00:00,188.4
2020-06-02,09:15:00,219.96
2020-06-02,09:30:00,212.232
2020-06-02,09:45:00,210.964
2020-06-02,10:00:00,228.464
2020-06-02,10:15:00,237.324
2020-06-02,10:30:00,246.444
2020-06-02,10:45:00,261.016
2020-06-02,11:00:00,267.296
2020-06-02,11:15:00,278.868
2020-06-02,11:30:00,265.736
2020-06-02,11:45:00,255.264
2020-06-02,12:00:00,242.288
2020-06-02,12:15:00,207.032
2020-06-02,12:30:00,188.108
2020-06-02,12:45:00,188.58
2020-06-02,13:00:00,182.804
2020-06-02,13:15:00,165.416
2020-06-02,13:30:00,194.192
2020-06-02,13:45:00,206.22
2020-06-02,14:00:00,209.236
2020-06-02,14:15:00,185.532
2020-06-02,14:30:00,207.264
2020-06-02,14:45:00,201.632
2020-06-02,15:00:00,199.04
2020-06-02,15:15:00,189.6
2020-06-02,15:30:00,188.044
2020-06-02,15:45:00,166.416
2020-06-02,16:00:00,182.264
2020-06-02,16:15:00,173.796
2020-06-02,16:30:00,197.18
2020-06-02,16:45:00,207.412
2020-06-02,17:00:00,184.936
2020-06-02,17:15:00,185.516
2020-06-02,17:30:00,187.072
2020-06-02,17:45:00,201.164
2020-06-02,18:00:00,194.004
2020-06-02,18:15:00,176.996
2020-06-02,18:30:00,175.28
2020-06-02,18:45:00,168.896
2020-06-02,19:00:00,142.04
2020-06-02,19:15:00,138.36
2020-06-02,19:30:00,136.704
2020-06-02,19:45:00,111.016
2020-06-02,20:00:00,87.96
2020-06-02,20:15:00,103.956
2020-06-02,20:30:00,112.344
2020-06-02,20:45:00,101.8
2020-06-02,21:00:00,103.46
2020-06-02,21:15:00,84.796
2020-06-02,21:30:00,88.188
2020-06-02,21:45:00,83.696
2020-06-02,22:00:00,67.1
2020-06-02,22:15:00,45.548
2020-06-02,22:30:00,57.892
2020-06-02,22:45:00,75.04
2020-06-02,23:00:00,78.732
2020-06-02,23:15:00,59.228
2020-06-02,23:30:00,68.692
2020-06-02,23:45:00,78.344
2020-06-02,00:00:00,75.064
2020-06-03,00:15:00,65.216
2020-06-03,00:30:00,60.4
2020-06-03,00:45:00,64.268
2020-06-03,01:00:00,61.924
2020-06-03,01:15:00,56.576
2020-06-03,01:30:00,51.356
2020-06-03,01:45:00,57.524
2020-06-03,02:00:00,54.72
2020-06-03,02:15:00,57.372
2020-06-03,02:30:00,56.18
2020-06-03,02:45:00,52.768
2020-06-03,03:00:00,50.884
2020-06-03,03:15:00,49.064
2020-06-03,03:30:00,51.12
2020-06-03,03:45:00,49.968
2020-06-03,04:00:00,54.916
2020-06-03,04:15:00,59.968
2020-06-03,04:30:00,50.404
2020-06-03,04:45:00,50.02
2020-06-03,05:00:00,52.404
2020-06-03,05:15:00,61.976
2020-06-03,05:30:00,69.448
2020-06-03,05:45:00,54.152
2020-06-03,06:00:00,67.064
2020-06-03,06:15:00,73.224
2020-06-03,06:30:00,69.916
2020-06-03,06:45:00,63.148
2020-06-03,07:00:00,44.604
2020-06-03,07:15:00,71.248
2020-06-03,07:30:00,85.384
2020-06-03,07:45:00,82.808
2020-06-03,08:00:00,91.884
2020-06-03,08:15:00,154.504
2020-06-03,08:30:00,151.028
2020-06-03,08:45:00,155.596
2020-06-03,09:00:00,167.384
2020-06-03,09:15:00,173.592
2020-06-03,09:30:00,186.632
2020-06-03,09:45:00,194.86
2020-06-03,10:00:00,200.464
2020-06-03,10:15:00,218.572
2020-06-03,10:30:00,228.72
2020-06-03,10:45:00,225.204
2020-06-03,11:00:00,239.896
2020-06-03,11:15:00,254.18
2020-06-03,11:30:00,246.072
2020-06-03,11:45:00,213.248
2020-06-03,12:00:00,200.712
2020-06-03,12:15:00,210.632
2020-06-03,12:30:00,192.272
2020-06-03,12:45:00,186.924
2020-06-03,13:00:00,179.504
2020-06-03,13:15:00,153.772
2020-06-03,13:30:00,177.352
2020-06-03,13:45:00,200.484
2020-06-03,14:00:00,199.908
2020-06-03,14:15:00,200.344
2020-06-03,14:30:00,202.272
2020-06-03,14:45:00,226.364
2020-06-03,15:00:00,184.752
2020-06-03,15:15:00,176.7
2020-06-03,15:30:00,146.456
2020-06-03,15:45:00,159.84
2020-06-03,16:00:00,176.152
2020-06-03,16:15:00,187.728
2020-06-03,16:30:00,191.74
2020-06-03,16:45:00,183.464
2020-06-03,17:00:00,202.812
2020-06-03,17:15:00,191.984
2020-06-03,17:30:00,169.484
2020-06-03,17:45:00,170.672
2020-06-03,18:00:00,166.548
2020-06-03,18:15:00,136.852
2020-06-03,18:30:00,130.22
2020-06-03,18:45:00,136.784
2020-06-03,19:00:00,95.92
2020-06-03,19:15:00,80.844
2020-06-03,19:30:00,68.836
2020-06-03,19:45:00,90.048
2020-06-03,20:00:00,62.336
2020-06-03,20:15:00,50.308
2020-06-03,20:30:00,72.416
2020-06-03,20:45:00,76.784
2020-06-03,21:00:00,87.82
2020-06-03,21:15:00,90.804
2020-06-03,21:30:00,70.004
2020-06-03,21:45:00,99.42
2020-06-03,22:00:00,84.8
2020-06-03,22:15:00,86.7
2020-06-03,22:30:00,89.308
2020-06-03,22:45:00,82.36
2020-06-03,23:00:00,82.508
2020-06-03,23:15:00,82.948
2020-06-03,23:30:00,75.752
2020-06-03,23:45:00,78.048
2020-06-03,00:00:00,78.408
2020-06-04,00:15:00,65.82
2020-06-04,00:30:00,62.352
2020-06-04,00:45:00,54.824
2020-06-04,01:00:00,58.344
2020-06-04,01:15:00,62.58
2020-06-04,01:30:00,55.072
2020-06-04,01:45:00,55.552
2020-06-04,02:00:00,55.304
2020-06-04,02:15:00,52.612
2020-06-04,02:30:00,52.3
2020-06-04,02:45:00,55.684
2020-06-04,03:00:00,55.668
2020-06-04,03:15:00,58.356
2020-06-04,03:30:00,50.016
2020-06-04,03:45:00,56.56
2020-06-04,04:00:00,58.208
2020-06-04,04:15:00,57.644
2020-06-04,04:30:00,59.952
2020-06-04,04:45:00,57.396
2020-06-04,05:00:00,54.88
2020-06-04,05:15:00,73.648
2020-06-04,05:30:00,72.096
2020-06-04,05:45:00,63.372
2020-06-04,06:00:00,79.82
2020-06-04,06:15:00,67.432
2020-06-04,06:30:00,80.588
2020-06-04,06:45:00,62.784
2020-06-04,07:00:00,40.872
2020-06-04,07:15:00,81.3
2020-06-04,07:30:00,93.988
2020-06-04,07:45:00,87.232
2020-06-04,08:00:00,106.648
2020-06-04,08:15:00,111.172
2020-06-04,08:30:00,141.34
2020-06-04,08:45:00,155.42
2020-06-04,09:00:00,159.864
2020-06-04,09:15:00,156.632
2020-06-04,09:30:00,174.724
2020-06-04,09:45:00,185.096
2020-06-04,10:00:00,206.38
2020-06-04,10:15:00,200.476
2020-06-04,10:30:00,209.812
2020-06-04,10:45:00,219.924
2020-06-04,11:00:00,212.276
2020-06-04,11:15:00,231.2
2020-06-04,11:30:00,237.112
2020-06-04,11:45:00,231.136
2020-06-04,12:00:00,221.704
2020-06-04,12:15:00,226.632
2020-06-04,12:30:00,215.744
2020-06-04,12:45:00,209.448
2020-06-04,13:00:00,194.112
2020-06-04,13:15:00,201.54
2020-06-04,13:30:00,192.516
2020-06-04,13:45:00,182.02
2020-06-04,14:00:00,176.992
2020-06-04,14:15:00,181.728
2020-06-04,14:30:00,192.828
2020-06-04,14:45:00,191.248
2020-06-04,15:00:00,171.8
2020-06-04,15:15:00,183.704
2020-06-04,15:30:00,184.036
2020-06-04,15:45:00,181.496
2020-06-04,16:00:00,177.236
2020-06-04,16:15:00,194.192
2020-06-04,16:30:00,187.34
2020-06-04,16:45:00,202.732
2020-06-04,17:00:00,194.236
2020-06-04,17:15:00,181.78
2020-06-04,17:30:00,184.396
2020-06-04,17:45:00,173.216
2020-06-04,18:00:00,159.972
2020-06-04,18:15:00,175.252
2020-06-04,18:30:00,140.352
2020-06-04,18:45:00,109.056
2020-06-04,19:00:00,102.624
2020-06-04,19:15:00,91.108
2020-06-04,19:30:00,76.532
2020-06-04,19:45:00,71.12
2020-06-04,20:00:00,70.46
2020-06-04,20:15:00,64.336
2020-06-04,20:30:00,71.608
2020-06-04,20:45:00,69.216
2020-06-04,21:00:00,84.232
2020-06-04,21:15:00,77.684
2020-06-04,21:30:00,67.116
2020-06-04,21:45:00,82.292
2020-06-04,22:00:00,69.388
2020-06-04,22:15:00,76.936
2020-06-04,22:30:00,89.876
2020-06-04,22:45:00,76.476
2020-06-04,23:00:00,74.188
2020-06-04,23:15:00,78.52
2020-06-04,23:30:00,62.38
2020-06-04,23:45:00,67.18
2020-06-04,00:00:00,67.984
2020-06-05,00:15:00,71.348
2020-06-05,00:30:00,71.144
2020-06-05,00:45:00,60.168
2020-06-05,01:00:00,66.124
2020-06-05,01:15:00,64.012
2020-06-05,01:30:00,59.436
2020-06-05,01:45:00,56.348
2020-06-05,02:00:00,64.348
2020-06-05,02:15:00,56.908
2020-06-05,02:30:00,57.088
2020-06-05,02:45:00,60.352
2020-06-05,03:00:00,49.5
2020-06-05,03:15:00,58.004
2020-06-05,03:30:00,58.692
2020-06-05,03:45:00,52.356
2020-06-05,04:00:00,58.66
2020-06-05,04:15:00,55.356
2020-06-05,04:30:00,66.108
2020-06-05,04:45:00,57.1
2020-06-05,05:00:00,57.296
2020-06-05,05:15:00,65.588
2020-06-05,05:30:00,66.732
2020-06-05,05:45:00,50.904
2020-06-05,06:00:00,70.54
2020-06-05,06:15:00,61.456
2020-06-05,06:30:00,52.948
2020-06-05,06:45:00,67.82
2020-06-05,07:00:00,36.896
2020-06-05,07:15:00,68.872
2020-06-05,07:30:00,75.18
2020-06-05,07:45:00,83.492
2020-06-05,08:00:00,110.504
2020-06-05,08:15:00,141.852
2020-06-05,08:30:00,130.968
2020-06-05,08:45:00,138.232
2020-06-05,09:00:00,137.996
2020-06-05,09:15:00,162.076
2020-06-05,09:30:00,178.472
2020-06-05,09:45:00,191.856
2020-06-05,10:00:00,203.104
2020-06-05,10:15:00,187.18
2020-06-05,10:30:00,221.264
2020-06-05,10:45:00,216.844
2020-06-05,11:00:00,215.412
2020-06-05,11:15:00,225.224
2020-06-05,11:30:00,232.576
2020-06-05,11:45:00,232.308
2020-06-05,12:00:00,232.048
2020-06-05,12:15:00,218.16
2020-06-05,12:30:00,184.276
2020-06-05,12:45:00,160.592
2020-06-05,13:00:00,181.856
2020-06-05,13:15:00,187.592
2020-06-05,13:30:00,189.632
2020-06-05,13:45:00,193.524
2020-06-05,14:00:00,196.684
2020-06-05,14:15:00,176.432
2020-06-05,14:30:00,158.98
2020-06-05,14:45:00,137.428
2020-06-05,15:00:00,141.744
2020-06-05,15:15:00,164.06
2020-06-05,15:30:00,149.484
2020-06-05,15:45:00,144.86
2020-06-05,16:00:00,132.196
2020-06-05,16:15:00,159.084
2020-06-05,16:30:00,158.916
2020-06-05,16:45:00,175.836
2020-06-05,17:00:00,174.928
2020-06-05,17:15:00,183.656
2020-06-05,17:30:00,147.828
2020-06-05,17:45:00,158.248
2020-06-05,18:00:00,145.636
2020-06-05,18:15:00,143.296
2020-06-05,18:30:00,136.224
2020-06-05,18:45:00,136.74
2020-06-05,19:00:00,94.3
2020-06-05,19:15:00,99.212
2020-06-05,19:30:00,93.2
2020-06-05,19:45:00,114.076
2020-06-05,20:00:00,88.952
2020-06-05,20:15:00,83.776
2020-06-05,20:30:00,76.896
2020-06-05,20:45:00,69.272
2020-06-05,21:00:00,78.98
2020-06-05,21:15:00,70.632
2020-06-05,21:30:00,85.084
2020-06-05,21:45:00,58.4
2020-06-05,22:00:00,81.66
2020-06-05,22:15:00,85.864
2020-06-05,22:30:00,80.036
2020-06-05,22:45:00,63.592
2020-06-05,23:00:00,85.928
2020-06-05,23:15:00,66.252
2020-06-05,23:30:00,78.752
2020-06-05,23:45:00,79.708
2020-06-05,00:00:00,70.624
2020-06-06,00:15:00,58.348
2020-06-06,00:30:00,77.068
2020-06-06,00:45:00,74.508
2020-06-06,01:00:00,66.236
2020-06-06,01:15:00,66.576
2020-06-06,01:30:00,64.04
2020-06-06,01:45:00,60.604
2020-06-06,02:00:00,62.14
2020-06-06,02:15:00,61.14
2020-06-06,02:30:00,57.368
2020-06-06,02:45:00,62.044
2020-06-06,03:00:00,61.692
2020-06-06,03:15:00,67.3
2020-06-06,03:30:00,62.388
2020-06-06,03:45:00,61.02
2020-06-06,04:00:00,64.116
2020-06-06,04:15:00,63.792
2020-06-06,04:30:00,62.928
2020-06-06,04:45:00,65.928
2020-06-06,05:00:00,63.368
2020-06-06,05:15:00,77.076
2020-06-06,05:30:00,72.92
2020-06-06,05:45:00,49.492
2020-06-06,06:00:00,62.48
2020-06-06,06:15:00,48.668
2020-06-06,06:30:00,51.612
2020-06-06,06:45:00,37.476
2020-06-06,07:00:00,37.476
2020-06-06,07:15:00,63.676
2020-06-06,07:30:00,72.96
2020-06-06,07:45:00,86.568
2020-06-06,08:00:00,73.848
2020-06-06,08:15:00,74.904
2020-06-06,08:30:00,61.464
2020-06-06,08:45:00,88.356
2020-06-06,09:00:00,84.56
2020-06-06,09:15:00,96.348
2020-06-06,09:30:00,69.196
2020-06-06,09:45:00,130.556
2020-06-06,10:00:00,161.964
2020-06-06,10:15:00,162.488
2020-06-06,10:30:00,150.652
2020-06-06,10:45:00,162.92
2020-06-06,11:00:00,164.548
2020-06-06,11:15:00,191.612
2020-06-06,11:30:00,177.816
2020-06-06,11:45:00,168.184
2020-06-06,12:00:00,167.004
2020-06-06,12:15:00,179.304
2020-06-06,12:30:00,146.356
2020-06-06,12:45:00,138.824
2020-06-06,13:00:00,145.676
2020-06-06,13:15:00,128.048
2020-06-06,13:30:00,80.448
2020-06-06,13:45:00,128.588
2020-06-06,14:00:00,139.136
2020-06-06,14:15:00,121.46
2020-06-06,14:30:00,130.568
2020-06-06,14:45:00,101.288
2020-06-06,15:00:00,95.904
2020-06-06,15:15:00,109.552
2020-06-06,15:30:00,96.176
2020-06-06,15:45:00,104.084
2020-06-06,16:00:00,99.888
2020-06-06,16:15:00,124.1
2020-06-06,16:30:00,114.936
2020-06-06,16:45:00,113.808
2020-06-06,17:00:00,104.98
2020-06-06,17:15:00,103.956
2020-06-06,17:30:00,124.852
2020-06-06,17:45:00,96.772
2020-06-06,18:00:00,88.332
2020-06-06,18:15:00,124.488
2020-06-06,18:30:00,135.056
2020-06-06,18:45:00,90.66
2020-06-06,19:00:00,80.284
2020-06-06,19:15:00,73.396
2020-06-06,19:30:00,72.924
2020-06-06,19:45:00,90.924
2020-06-06,20:00:00,99.544
2020-06-06,20:15:00,83.76
2020-06-06,20:30:00,100.544
2020-06-06,20:45:00,86.816
2020-06-06,21:00:00,79.496
2020-06-06,21:15:00,76.196
2020-06-06,21:30:00,123.216
2020-06-06,21:45:00,100.184
2020-06-06,22:00:00,101.144
2020-06-06,22:15:00,99.112
2020-06-06,22:30:00,91.304
2020-06-06,22:45:00,93.48
2020-06-06,23:00:00,95.048
2020-06-06,23:15:00,87.388
2020-06-06,23:30:00,90.248
2020-06-06,23:45:00,81.856
2020-06-06,00:00:00,79.34
2020-06-07,00:15:00,70.808
2020-06-07,00:30:00,65.988
2020-06-07,00:45:00,62.432
2020-06-07,01:00:00,58.848
2020-06-07,01:15:00,58.44
2020-06-07,01:30:00,62.984
2020-06-07,01:45:00,51.588
2020-06-07,02:00:00,61.976
2020-06-07,02:15:00,56.644
2020-06-07,02:30:00,50.592
2020-06-07,02:45:00,56.484
2020-06-07,03:00:00,58.364
2020-06-07,03:15:00,59.744
2020-06-07,03:30:00,59.956
2020-06-07,03:45:00,60.508
2020-06-07,04:00:00,57.332
2020-06-07,04:15:00,58.432
2020-06-07,04:30:00,60.576
2020-06-07,04:45:00,68.004
2020-06-07,05:00:00,58.756
2020-06-07,05:15:00,59.056
2020-06-07,05:30:00,57.852
2020-06-07,05:45:00,51.44
2020-06-07,06:00:00,43.744
2020-06-07,06:15:00,39.856
2020-06-07,06:30:00,44.612
2020-06-07,06:45:00,53.552
2020-06-07,07:00:00,46.324
2020-06-07,07:15:00,40.54
2020-06-07,07:30:00,28.552
2020-06-07,07:45:00,26.536
2020-06-07,08:00:00,27.752
2020-06-07,08:15:00,34.812
2020-06-07,08:30:00,55.02
2020-06-07,08:45:00,68.32
2020-06-07,09:00:00,61.7
2020-06-07,09:15:00,75.876
2020-06-07,09:30:00,62.956
2020-06-07,09:45:00,109.528
2020-06-07,10:00:00,107.612
2020-06-07,10:15:00,94.108
2020-06-07,10:30:00,129.528
2020-06-07,10:45:00,131.104
2020-06-07,11:00:00,132.296
2020-06-07,11:15:00,153.024
2020-06-07,11:30:00,134.272
2020-06-07,11:45:00,156.324
2020-06-07,12:00:00,127.228
2020-06-07,12:15:00,116.24
2020-06-07,12:30:00,116.812
2020-06-07,12:45:00,109.512
2020-06-07,13:00:00,109.656
2020-06-07,13:15:00,113.228
2020-06-07,13:30:00,103.656
2020-06-07,13:45:00,97.74
2020-06-07,14:00:00,109.448
2020-06-07,14:15:00,92.768
2020-06-07,14:30:00,92.128
2020-06-07,14:45:00,104.648
2020-06-07,15:00:00,120.304
2020-06-07,15:15:00,104.36
2020-06-07,15:30:00,96.16
2020-06-07,15:45:00,87.612
2020-06-07,16:00:00,89.012
2020-06-07,16:15:00,106.592
2020-06-07,16:30:00,110.144
2020-06-07,16:45:00,111.252
2020-06-07,17:00:00,117.132
2020-06-07,17:15:00,126.752
2020-06-07,17:30:00,100.008
2020-06-07,17:45:00,110.616
2020-06-07,18:00:00,114.708
2020-06-07,18:15:00,111.496
2020-06-07,18:30:00,88.156
2020-06-07,18:45:00,68.724
2020-06-07,19:00:00,49.924
2020-06-07,19:15:00,48.712
2020-06-07,19:30:00,69.376
2020-06-07,19:45:00,70.24
2020-06-07,20:00:00,41.132
2020-06-07,20:15:00,62.36
2020-06-07,20:30:00,46.72
2020-06-07,20:45:00,61.392
2020-06-07,21:00:00,76.288
2020-06-07,21:15:00,71.032
2020-06-07,21:30:00,89.856
2020-06-07,21:45:00,84.168
2020-06-07,22:00:00,61.132
2020-06-07,22:15:00,75.452
2020-06-07,22:30:00,77.052
2020-06-07,22:45:00,80.248
2020-06-07,23:00:00,71.292
2020-06-07,23:15:00,77.684
2020-06-07,23:30:00,74.664
2020-06-07,23:45:00,70.58
2020-06-07,00:00:00,60.248
2020-06-08,00:15:00,62.212
2020-06-08,00:30:00,57.536
2020-06-08,00:45:00,58.66
2020-06-08,01:00:00,55.86
2020-06-08,01:15:00,62.644
2020-06-08,01:30:00,59.76
2020-06-08,01:45:00,52.24
2020-06-08,02:00:00,49.792
2020-06-08,02:15:00,51.364
2020-06-08,02:30:00,49.156
2020-06-08,02:45:00,50.232
2020-06-08,03:00:00,44.34
2020-06-08,03:15:00,48.104
2020-06-08,03:30:00,47.696
2020-06-08,03:45:00,49.54
2020-06-08,04:00:00,51.64
2020-06-08,04:15:00,51.052
2020-06-08,04:30:00,49.936
2020-06-08,04:45:00,46.188
2020-06-08,05:00:00,44.972
2020-06-08,05:15:00,48.248
2020-06-08,05:30:00,54.492
2020-06-08,05:45:00,50.828
2020-06-08,06:00:00,57.236
2020-06-08,06:15:00,66.236
2020-06-08,06:30:00,60.06
2020-06-08,06:45:00,45.164
2020-06-08,07:00:00,50.384
2020-06-08,07:15:00,72.936
2020-06-08,07:30:00,92.816
2020-06-08,07:45:00,83.168
2020-06-08,08:00:00,95.852
2020-06-08,08:15:00,121.544
2020-06-08,08:30:00,101.112
2020-06-08,08:45:00,132.088
2020-06-08,09:00:00,134.988
2020-06-08,09:15:00,164.744
2020-06-08,09:30:00,176.984
2020-06-08,09:45:00,173.176
2020-06-08,10:00:00,188.02
2020-06-08,10:15:00,185.516
2020-06-08,10:30:00,204.056
2020-06-08,10:45:00,221.536
2020-06-08,11:00:00,222.272
2020-06-08,11:15:00,213.02
2020-06-08,11:30:00,216.444
2020-06-08,11:45:00,206.012
2020-06-08,12:00:00,186.044
2020-06-08,12:15:00,179.816
2020-06-08,12:30:00,173.036
2020-06-08,12:45:00,173.952
2020-06-08,13:00:00,179.848
2020-06-08,13:15:00,176.812
2020-06-08,13:30:00,178.664
2020-06-08,13:45:00,175.104
2020-06-08,14:00:00,162.38
2020-06-08,14:15:00,171.464
2020-06-08,14:30:00,144.292
2020-06-08,14:45:00,150.284
2020-06-08,15:00:00,174.304
2020-06-08,15:15:00,162.004
2020-06-08,15:30:00,174.804
2020-06-08,15:45:00,176.968
2020-06-08,16:00:00,175.148
2020-06-08,16:15:00,149.816
2020-06-08,16:30:00,171.472
2020-06-08,16:45:00,176.344
2020-06-08,17:00:00,168.72
2020-06-08,17:15:00,158.728
2020-06-08,17:30:00,177.848
2020-06-08,17:45:00,159.044
2020-06-08,18:00:00,157.456
2020-06-08,18:15:00,120.58
2020-06-08,18:30:00,128.272
2020-06-08,18:45:00,94.272
2020-06-08,19:00:00,101.984
2020-06-08,19:15:00,83.488
2020-06-08,19:30:00,81.876
2020-06-08,19:45:00,76.948
2020-06-08,20:00:00,57.872
2020-06-08,20:15:00,60.108
2020-06-08,20:30:00,70.156
2020-06-08,20:45:00,37.568
2020-06-08,21:00:00,60.804
2020-06-08,21:15:00,84.844
2020-06-08,21:30:00,78.384
2020-06-08,21:45:00,69.584
2020-06-08,22:00:00,84.852
2020-06-08,22:15:00,54.428
2020-06-08,22:30:00,57.18
2020-06-08,22:45:00,70.292
2020-06-08,23:00:00,63.768
2020-06-08,23:15:00,72.74
2020-06-08,23:30:00,66.408
2020-06-08,23:45:00,64.044
2020-06-08,00:00:00,61.312
2020-06-09,00:15:00,52.848
2020-06-09,00:30:00,47.952
2020-06-09,00:45:00,48.372
2020-06-09,01:00:00,54.468
2020-06-09,01:15:00,47.064
2020-06-09,01:30:00,41.176
2020-06-09,01:45:00,44.012
2020-06-09,02:00:00,39.564
2020-06-09,02:15:00,34.788
2020-06-09,02:30:00,38.016
2020-06-09,02:45:00,40.792
2020-06-09,03:00:00,36.84
2020-06-09,03:15:00,42.008
2020-06-09,03:30:00,37.404
2020-06-09,03:45:00,31.796
2020-06-09,04:00:00,46.096
2020-06-09,04:15:00,32.944
2020-06-09,04:30:00,42.832
2020-06-09,04:45:00,41.22
2020-06-09,05:00:00,35.992
2020-06-09,05:15:00,44.62
2020-06-09,05:30:00,49.224
2020-06-09,05:45:00,47.304
2020-06-09,06:00:00,43.08
2020-06-09,06:15:00,47.692
2020-06-09,06:30:00,30.988
2020-06-09,06:45:00,26.88
2020-06-09,07:00:00,34.284
2020-06-09,07:15:00,60.032
2020-06-09,07:30:00,67.956
2020-06-09,07:45:00,104.812
2020-06-09,08:00:00,81.4
2020-06-09,08:15:00,77.94
2020-06-09,08:30:00,130.124
2020-06-09,08:45:00,149.392
2020-06-09,09:00:00,160.696
2020-06-09,09:15:00,176.652
2020-06-09,09:30:00,155.052
2020-06-09,09:45:00,147.032
2020-06-09,10:00:00,184.504
2020-06-09,10:15:00,202.264
2020-06-09,10:30:00,219.476
2020-06-09,10:45:00,240.732
2020-06-09,11:00:00,210.108
2020-06-09,11:15:00,227.62
2020-06-09,11:30:00,228.04
2020-06-09,11:45:00,202.144
2020-06-09,12:00:00,176.04
2020-06-09,12:15:00,186.308
2020-06-09,12:30:00,186.38
2020-06-09,12:45:00,199.456
2020-06-09,13:00:00,208.264
2020-06-09,13:15:00,170.876
2020-06-09,13:30:00,156.476
2020-06-09,13:45:00,156.356
2020-06-09,14:00:00,181.228
2020-06-09,14:15:00,191.896
2020-06-09,14:30:00,164.732
2020-06-09,14:45:00,173.764
2020-06-09,15:00:00,156.204
2020-06-09,15:15:00,147.416
2020-06-09,15:30:00,142.628
2020-06-09,15:45:00,121.04
2020-06-09,16:00:00,121.664
2020-06-09,16:15:00,137.96
2020-06-09,16:30:00,161.608
2020-06-09,16:45:00,173.188
2020-06-09,17:00:00,178.988
2020-06-09,17:15:00,175.5
2020-06-09,17:30:00,165.792
2020-06-09,17:45:00,163.584
2020-06-09,18:00:00,145.696
2020-06-09,18:15:00,140.344
2020-06-09,18:30:00,100.256
2020-06-09,18:45:00,119.628
2020-06-09,19:00:00,104.152
2020-06-09,19:15:00,90.068
2020-06-09,19:30:00,72.028
2020-06-09,19:45:00,82.744
2020-06-09,20:00:00,89.86
2020-06-09,20:15:00,81.748
2020-06-09,20:30:00,58.892
2020-06-09,20:45:00,64.168
2020-06-09,21:00:00,60.592
2020-06-09,21:15:00,76.284
2020-06-09,21:30:00,73.924
2020-06-09,21:45:00,79.028
2020-06-09,22:00:00,68.144
2020-06-09,22:15:00,70.8
2020-06-09,22:30:00,71.596
2020-06-09,22:45:00,80.224
2020-06-09,23:00:00,60.88
2020-06-09,23:15:00,60.336
2020-06-09,23:30:00,63.36
2020-06-09,23:45:00,57.692
2020-06-09,00:00:00,47.688
2020-06-10,00:15:00,39.9
2020-06-10,00:30:00,52.436
2020-06-10,00:45:00,48.88
2020-06-10,01:00:00,46.028
2020-06-10,01:15:00,45.696
2020-06-10,01:30:00,46.308
2020-06-10,01:45:00,46.976
2020-06-10,02:00:00,43.048
2020-06-10,02:15:00,42.0
2020-06-10,02:30:00,44.752
2020-06-10,02:45:00,35.268
2020-06-10,03:00:00,34.396
2020-06-10,03:15:00,43.788
2020-06-10,03:30:00,41.68
2020-06-10,03:45:00,36.768
2020-06-10,04:00:00,38.94
2020-06-10,04:15:00,37.592
2020-06-10,04:30:00,37.412
2020-06-10,04:45:00,34.788
2020-06-10,05:00:00,33.452
2020-06-10,05:15:00,35.936
2020-06-10,05:30:00,33.412
2020-06-10,05:45:00,42.404
2020-06-10,06:00:00,41.388
2020-06-10,06:15:00,36.52
2020-06-10,06:30:00,15.968
2020-06-10,06:45:00,49.568
2020-06-10,07:00:00,9.52
2020-06-10,07:15:00,51.272
2020-06-10,07:30:00,92.248
2020-06-10,07:45:00,93.9
2020-06-10,08:00:00,87.292
2020-06-10,08:15:00,104.276
2020-06-10,08:30:00,111.652
2020-06-10,08:45:00,110.296
2020-06-10,09:00:00,145.972
2020-06-10,09:15:00,175.56
2020-06-10,09:30:00,172.924
2020-06-10,09:45:00,178.072
2020-06-10,10:00:00,189.924
2020-06-10,10:15:00,199.136
2020-06-10,10:30:00,183.672
2020-06-10,10:45:00,194.616
2020-06-10,11:00:00,214.556
2020-06-10,11:15:00,204.608
2020-06-10,11:30:00,215.72
2020-06-10,11:45:00,195.332
2020-06-10,12:00:00,205.0
2020-06-10,12:15:00,171.648
2020-06-10,12:30:00,171.036
2020-06-10,12:45:00,173.656
2020-06-10,13:00:00,180.02
2020-06-10,13:15:00,145.424
2020-06-10,13:30:00,164.56
2020-06-10,13:45:00,166.824
2020-06-10,14:00:00,142.732
2020-06-10,14:15:00,155.992
2020-06-10,14:30:00,155.8
2020-06-10,14:45:00,148.688
2020-06-10,15:00:00,160.308
2020-06-10,15:15:00,130.952
2020-06-10,15:30:00,140.904
2020-06-10,15:45:00,134.152
2020-06-10,16:00:00,157.276
2020-06-10,16:15:00,156.064
2020-06-10,16:30:00,174.12
2020-06-10,16:45:00,178.704
2020-06-10,17:00:00,175.916
2020-06-10,17:15:00,172.476
2020-06-10,17:30:00,157.332
2020-06-10,17:45:00,176.24
2020-06-10,18:00:00,174.96
2020-06-10,18:15:00,146.364
2020-06-10,18:30:00,112.148
2020-06-10,18:45:00,129.44
2020-06-10,19:00:00,96.464
2020-06-10,19:15:00,47.696
2020-06-10,19:30:00,89.472
2020-06-10,19:45:00,92.84
2020-06-10,20:00:00,78.904
2020-06-10,20:15:00,75.34
2020-06-10,20:30:00,68.852
2020-06-10,20:45:00,76.472
2020-06-10,21:00:00,78.888
2020-06-10,21:15:00,53.344
2020-06-10,21:30:00,54.196
2020-06-10,21:45:00,94.448
2020-06-10,22:00:00,72.396
2020-06-10,22:15:00,41.232
2020-06-10,22:30:00,54.812
2020-06-10,22:45:00,50.736
2020-06-10,23:00:00,57.716
2020-06-10,23:15:00,54.796
2020-06-10,23:30:00,51.348
2020-06-10,23:45:00,60.436
2020-06-10,00:00:00,45.864
2020-06-11,00:15:00,52.38
2020-06-11,00:30:00,41.816
2020-06-11,00:45:00,43.848
2020-06-11,01:00:00,50.74
2020-06-11,01:15:00,52.868
2020-06-11,01:30:00,57.86
2020-06-11,01:45:00,49.676
2020-06-11,02:00:00,52.732
2020-06-11,02:15:00,60.764
2020-06-11,02:30:00,58.136
2020-06-11,02:45:00,60.188
2020-06-11,03:00:00,56.976
2020-06-11,03:15:00,57.612
2020-06-11,03:30:00,54.156
2020-06-11,03:45:00,59.392
2020-06-11,04:00:00,60.836
2020-06-11,04:15:00,54.072
2020-06-11,04:30:00,54.596
2020-06-11,04:45:00,59.58
2020-06-11,05:00:00,56.604
2020-06-11,05:15:00,61.824
2020-06-11,05:30:00,57.62
2020-06-11,05:45:00,58.208
2020-06-11,06:00:00,55.98
2020-06-11,06:15:00,49.368
2020-06-11,06:30:00,40.296
2020-06-11,06:45:00,49.64
2020-06-11,07:00:00,49.44
2020-06-11,07:15:00,51.704
2020-06-11,07:30:00,23.188
2020-06-11,07:45:00,60.448
2020-06-11,08:00:00,65.964
2020-06-11,08:15:00,71.068
2020-06-11,08:30:00,63.72
2020-06-11,08:45:00,68.896
2020-06-11,09:00:00,78.072
2020-06-11,09:15:00,96.028
2020-06-11,09:30:00,82.7
2020-06-11,09:45:00,112.888
2020-06-11,10:00:00,97.86
2020-06-11,10:15:00,115.636
2020-06-11,10:30:00,96.712
2020-06-11,10:45:00,128.596
2020-06-11,11:00:00,114.424
2020-06-11,11:15:00,122.92
2020-06-11,11:30:00,151.012
2020-06-11,11:45:00,141.732
2020-06-11,12:00:00,111.528
2020-06-11,12:15:00,104.808
2020-06-11,12:30:00,115.052
2020-06-11,12:45:00,76.756
2020-06-11,13:00:00,107.384
2020-06-11,13:15:00,116.104
2020-06-11,13:30:00,118.436
2020-06-11,13:45:00,90.656
2020-06-11,14:00:00,83.788
2020-06-11,14:15:00,110.792
2020-06-11,14:30:00,151.336
2020-06-11,14:45:00,128.584
2020-06-11,15:00:00,113.904
2020-06-11,15:15:00,111.72
2020-06-11,15:30:00,98.108
2020-06-11,15:45:00,72.376
2020-06-11,16:00:00,104.092
2020-06-11,16:15:00,117.724
2020-06-11,16:30:00,109.596
2020-06-11,16:45:00,108.176
2020-06-11,17:00:00,96.56
2020-06-11,17:15:00,112.248
2020-06-11,17:30:00,83.68
2020-06-11,17:45:00,79.004
2020-06-11,18:00:00,118.488
2020-06-11,18:15:00,98.912
2020-06-11,18:30:00,84.892
2020-06-11,18:45:00,40.2
2020-06-11,19:00:00,39.168
2020-06-11,19:15:00,47.784
2020-06-11,19:30:00,41.152
2020-06-11,19:45:00,62.64
2020-06-11,20:00:00,64.724
2020-06-11,20:15:00,26.58
2020-06-11,20:30:00,9.652
2020-06-11,20:45:00,52.224
2020-06-11,21:00:00,69.348
2020-06-11,21:15:00,70.264
2020-06-11,21:30:00,80.248
2020-06-11,21:45:00,69.964
2020-06-11,22:00:00,78.768
2020-06-11,22:15:00,72.28
2020-06-11,22:30:00,49.776
2020-06-11,22:45:00,71.2
2020-06-11,23:00:00,56.296
2020-06-11,23:15:00,58.124
2020-06-11,23:30:00,59.968
2020-06-11,23:45:00,41.06
2020-06-11,00:00:00,53.524
2020-06-12,00:15:00,66.76
2020-06-12,00:30:00,51.128
2020-06-12,00:45:00,60.516
2020-06-12,01:00:00,59.316
2020-06-12,01:15:00,58.216
2020-06-12,01:30:00,51.684
2020-06-12,01:45:00,51.204
2020-06-12,02:00:00,46.964
2020-06-12,02:15:00,43.664
2020-06-12,02:30:00,51.012
2020-06-12,02:45:00,57.384
2020-06-12,03:00:00,52.044
2020-06-12,03:15:00,54.752
2020-06-12,03:30:00,51.58
2020-06-12,03:45:00,49.78
2020-06-12,04:00:00,53.804
2020-06-12,04:15:00,54.828
2020-06-12,04:30:00,58.432
2020-06-12,04:45:00,56.676
2020-06-12,05:00:00,48.704
2020-06-12,05:15:00,61.424
2020-06-12,05:30:00,50.292
2020-06-12,05:45:00,42.728
2020-06-12,06:00:00,56.192
2020-06-12,06:15:00,56.256
2020-06-12,06:30:00,70.104
2020-06-12,06:45:00,65.544
2020-06-12,07:00:00,29.636
2020-06-12,07:15:00,62.872
2020-06-12,07:30:00,95.828
2020-06-12,07:45:00,94.96
2020-06-12,08:00:00,102.996
2020-06-12,08:15:00,130.912
2020-06-12,08:30:00,110.804
2020-06-12,08:45:00,134.436
2020-06-12,09:00:00,143.084
2020-06-12,09:15:00,149.436
2020-06-12,09:30:00,153.608
2020-06-12,09:45:00,150.5
2020-06-12,10:00:00,156.364
2020-06-12,10:15:00,174.392
2020-06-12,10:30:00,201.652
2020-06-12,10:45:00,191.408
2020-06-12,11:00:00,201.424
2020-06-12,11:15:00,182.18
2020-06-12,11:30:00,176.072
2020-06-12,11:45:00,191.096
2020-06-12,12:00:00,145.744
2020-06-12,12:15:00,156.156
2020-06-12,12:30:00,135.484
2020-06-12,12:45:00,163.668
2020-06-12,13:00:00,161.808
2020-06-12,13:15:00,169.376
2020-06-12,13:30:00,153.924
2020-06-12,13:45:00,132.828
2020-06-12,14:00:00,127.4
2020-06-12,14:15:00,145.524
2020-06-12,14:30:00,151.528
2020-06-12,14:45:00,159.552
2020-06-12,15:00:00,125.54
2020-06-12,15:15:00,124.176
2020-06-12,15:30:00,133.24
2020-06-12,15:45:00,131.284
2020-06-12,16:00:00,147.288
2020-06-12,16:15:00,168.972
2020-06-12,16:30:00,166.008
2020-06-12,16:45:00,166.652
2020-06-12,17:00:00,172.228
2020-06-12,17:15:00,182.908
2020-06-12,17:30:00,176.2
2020-06-12,17:45:00,152.96
2020-06-12,18:00:00,150.708
2020-06-12,18:15:00,135.64
2020-06-12,18:30:00,140.108
2020-06-12,18:45:00,112.888
2020-06-12,19:00:00,108.932
2020-06-12,19:15:00,92.628
2020-06-12,19:30:00,75.944
2020-06-12,19:45:00,79.124
2020-06-12,20:00:00,57.172
2020-06-12,20:15:00,60.788
2020-06-12,20:30:00,83.02
2020-06-12,20:45:00,52.472
2020-06-12,21:00:00,50.208
2020-06-12,21:15:00,72.188
2020-06-12,21:30:00,79.412
2020-06-12,21:45:00,81.428
2020-06-12,22:00:00,76.0
2020-06-12,22:15:00,62.608
2020-06-12,22:30:00,54.692
2020-06-12,22:45:00,74.692
2020-06-12,23:00:00,54.588
2020-06-12,23:15:00,63.104
2020-06-12,23:30:00,61.124
2020-06-12,23:45:00,65.332
2020-06-12,00:00:00,59.928
2020-06-13,00:15:00,49.896
2020-06-13,00:30:00,51.152
2020-06-13,00:45:00,58.368
2020-06-13,01:00:00,56.264
2020-06-13,01:15:00,49.96
2020-06-13,01:30:00,53.628
2020-06-13,01:45:00,43.212
2020-06-13,02:00:00,49.268
2020-06-13,02:15:00,55.236
2020-06-13,02:30:00,51.868
2020-06-13,02:45:00,55.008
2020-06-13,03:00:00,51.984
2020-06-13,03:15:00,57.048
2020-06-13,03:30:00,50.844
2020-06-13,03:45:00,55.044
2020-06-13,04:00:00,57.692
2020-06-13,04:15:00,56.468
2020-06-13,04:30:00,57.004
2020-06-13,04:45:00,59.464
2020-06-13,05:00:00,53.1
2020-06-13,05:15:00,63.136
2020-06-13,05:30:00,61.056
2020-06-13,05:45:00,57.664
2020-06-13,06:00:00,53.312
2020-06-13,06:15:00,52.412
2020-06-13,06:30:00,57.804
2020-06-13,06:45:00,42.156
2020-06-13,07:00:00,8.608
2020-06-13,07:15:00,22.752
2020-06-13,07:30:00,39.252
2020-06-13,07:45:00,40.216
2020-06-13,08:00:00,48.212
2020-06-13,08:15:00,61.692
2020-06-13,08:30:00,42.952
2020-06-13,08:45:00,28.832
2020-06-13,09:00:00,63.392
2020-06-13,09:15:00,74.568
2020-06-13,09:30:00,60.412
2020-06-13,09:45:00,93.868
2020-06-13,10:00:00,104.396
2020-06-13,10:15:00,127.172
2020-06-13,10:30:00,168.852
2020-06-13,10:45:00,167.26
2020-06-13,11:00:00,142.384
2020-06-13,11:15:00,166.548
2020-06-13,11:30:00,171.532
2020-06-13,11:45:00,182.776
2020-06-13,12:00:00,166.364
2020-06-13,12:15:00,154.952
2020-06-13,12:30:00,150.748
2020-06-13,12:45:00,142.508
2020-06-13,13:00:00,123.584
2020-06-13,13:15:00,145.876
2020-06-13,13:30:00,150.516
2020-06-13,13:45:00,157.8
2020-06-13,14:00:00,159.316
2020-06-13,14:15:00,156.328
2020-06-13,14:30:00,118.972
2020-06-13,14:45:00,107.188
2020-06-13,15:00:00,126.088
2020-06-13,15:15:00,113.628
2020-06-13,15:30:00,116.048
2020-06-13,15:45:00,130.584
2020-06-13,16:00:00,112.88
2020-06-13,16:15:00,110.592
2020-06-13,16:30:00,132.768
2020-06-13,16:45:00,164.168
2020-06-13,17:00:00,159.764
2020-06-13,17:15:00,155.02
2020-06-13,17:30:00,133.352
2020-06-13,17:45:00,126.052
2020-06-13,18:00:00,119.728
2020-06-13,18:15:00,95.24
2020-06-13,18:30:00,96.528
2020-06-13,18:45:00,116.104
2020-06-13,19:00:00,82.304
2020-06-13,19:15:00,79.144
2020-06-13,19:30:00,92.776
2020-06-13,19:45:00,100.556
2020-06-13,20:00:00,107.872
2020-06-13,20:15:00,88.756
2020-06-13,20:30:00,66.456
2020-06-13,20:45:00,64.624
2020-06-13,21:00:00,65.048
2020-06-13,21:15:00,63.252
2020-06-13,21:30:00,69.18
2020-06-13,21:45:00,80.544
2020-06-13,22:00:00,103.388
2020-06-13,22:15:00,85.696
2020-06-13,22:30:00,80.8
2020-06-13,22:45:00,84.688
2020-06-13,23:00:00,72.04
2020-06-13,23:15:00,69.34
2020-06-13,23:30:00,63.392
2020-06-13,23:45:00,59.412
2020-06-13,00:00:00,66.432
2020-06-14,00:15:00,61.972
2020-06-14,00:30:00,57.684
2020-06-14,00:45:00,52.512
2020-06-14,01:00:00,60.076
2020-06-14,01:15:00,57.636
2020-06-14,01:30:00,60.672
2020-06-14,01:45:00,50.996
2020-06-14,02:00:00,54.94
2020-06-14,02:15:00,53.724
2020-06-14,02:30:00,49.696
2020-06-14,02:45:00,55.168
2020-06-14,03:00:00,53.488
2020-06-14,03:15:00,49.968
2020-06-14,03:30:00,54.04
2020-06-14,03:45:00,55.332
2020-06-14,04:00:00,48.268
2020-06-14,04:15:00,56.704
2020-06-14,04:30:00,56.604
2020-06-14,04:45:00,60.892
2020-06-14,05:00:00,53.076
2020-06-14,05:15:00,56.408
2020-06-14,05:30:00,53.852
2020-06-14,05:45:00,49.848
2020-06-14,06:00:00,44.336
2020-06-14,06:15:00,37.176
2020-06-14,06:30:00,31.104
2020-06-14,06:45:00,43.752
2020-06-14,07:00:00,23.144
2020-06-14,07:15:00,32.508
2020-06-14,07:30:00,11.152
2020-06-14,07:45:00,25.0
2020-06-14,08:00:00,36.292
2020-06-14,08:15:00,27.912
2020-06-14,08:30:00,1.768
2020-06-14,08:45:00,0.524
2020-06-14,09:00:00,43.764
2020-06-14,09:15:00,56.2
2020-06-14,09:30:00,82.456
2020-06-14,09:45:00,85.224
2020-06-14,10:00:00,91.524
2020-06-14,10:15:00,91.908
2020-06-14,10:30:00,104.768
2020-06-14,10:45:00,97.98
2020-06-14,11:00:00,102.376
2020-06-14,11:15:00,127.064
2020-06-14,11:30:00,131.36
2020-06-14,11:45:00,110.636
2020-06-14,12:00:00,126.32
2020-06-14,12:15:00,63.908
2020-06-14,12:30:00,104.696
2020-06-14,12:45:00,65.412
2020-06-14,13:00:00,72.244
2020-06-14,13:15:00,76.372
2020-06-14,13:30:00,73.2
2020-06-14,13:45:00,86.008
2020-06-14,14:00:00,105.632
2020-06-14,14:15:00,103.624
2020-06-14,14:30:00,77.452
2020-06-14,14:45:00,116.656
2020-06-14,15:00:00,93.972
2020-06-14,15:15:00,64.584
2020-06-14,15:30:00,54.112
2020-06-14,15:45:00,66.892
2020-06-14,16:00:00,99.5
2020-06-14,16:15:00,95.336
2020-06-14,16:30:00,87.224
2020-06-14,16:45:00,99.168
2020-06-14,17:00:00,108.484
2020-06-14,17:15:00,102.692
2020-06-14,17:30:00,114.972
2020-06-14,17:45:00,111.904
2020-06-14,18:00:00,117.5
2020-06-14,18:15:00,116.684
2020-06-14,18:30:00,120.304
2020-06-14,18:45:00,99.636
2020-06-14,19:00:00,98.824
2020-06-14,19:15:00,55.396
2020-06-14,19:30:00,73.44
2020-06-14,19:45:00,52.784
2020-06-14,20:00:00,57.552
2020-06-14,20:15:00,33.476
2020-06-14,20:30:00,62.828
2020-06-14,20:45:00,84.656
2020-06-14,21:00:00,67.708
2020-06-14,21:15:00,81.184
2020-06-14,21:30:00,95.52
2020-06-14,21:45:00,86.56
2020-06-14,22:00:00,63.148
2020-06-14,22:15:00,46.992
2020-06-14,22:30:00,55.916
2020-06-14,22:45:00,52.124
2020-06-14,23:00:00,57.5
2020-06-14,23:15:00,77.38
2020-06-14,23:30:00,77.452
2020-06-14,23:45:00,68.712
2020-06-14,00:00:00,60.492
2020-06-15,00:15:00,62.396
2020-06-15,00:30:00,61.62
2020-06-15,00:45:00,54.52
2020-06-15,01:00:00,52.664
2020-06-15,01:15:00,50.684
2020-06-15,01:30:00,46.196
2020-06-15,01:45:00,49.112
2020-06-15,02:00:00,44.528
2020-06-15,02:15:00,47.512
2020-06-15,02:30:00,47.492
2020-06-15,02:45:00,44.048
2020-06-15,03:00:00,41.088
2020-06-15,03:15:00,41.124
2020-06-15,03:30:00,47.852
2020-06-15,03:45:00,46.536
2020-06-15,04:00:00,45.896
2020-06-15,04:15:00,53.544
2020-06-15,04:30:00,48.984
2020-06-15,04:45:00,38.488
2020-06-15,05:00:00,54.98
2020-06-15,05:15:00,63.32
2020-06-15,05:30:00,50.316
2020-06-15,05:45:00,38.5
2020-06-15,06:00:00,60.068
2020-06-15,06:15:00,61.016
2020-06-15,06:30:00,37.656
2020-06-15,06:45:00,56.132
2020-06-15,07:00:00,37.812
2020-06-15,07:15:00,84.82
2020-06-15,07:30:00,80.504
2020-06-15,07:45:00,102.58
2020-06-15,08:00:00,96.74
2020-06-15,08:15:00,111.592
2020-06-15,08:30:00,122.792
2020-06-15,08:45:00,146.492
2020-06-15,09:00:00,157.232
2020-06-15,09:15:00,183.58
2020-06-15,09:30:00,202.788
2020-06-15,09:45:00,191.288
2020-06-15,10:00:00,208.296
2020-06-15,10:15:00,198.776
2020-06-15,10:30:00,192.44
2020-06-15,10:45:00,217.016
2020-06-15,11:00:00,217.244
2020-06-15,11:15:00,232.62
2020-06-15,11:30:00,232.068
2020-06-15,11:45:00,223.024
2020-06-15,12:00:00,217.628
2020-06-15,12:15:00,215.712
2020-06-15,12:30:00,170.896
2020-06-15,12:45:00,162.188
2020-06-15,13:00:00,181.188
2020-06-15,13:15:00,189.696
2020-06-15,13:30:00,174.156
2020-06-15,13:45:00,196.768
2020-06-15,14:00:00,179.496
2020-06-15,14:15:00,177.7
2020-06-15,14:30:00,176.032
2020-06-15,14:45:00,164.664
2020-06-15,15:00:00,166.124
2020-06-15,15:15:00,153.056
2020-06-15,15:30:00,145.744
2020-06-15,15:45:00,132.632
2020-06-15,16:00:00,161.276
2020-06-15,16:15:00,152.876
2020-06-15,16:30:00,158.024
2020-06-15,16:45:00,141.172
2020-06-15,17:00:00,158.444
2020-06-15,17:15:00,153.308
2020-06-15,17:30:00,133.128
2020-06-15,17:45:00,117.856
2020-06-15,18:00:00,121.6
2020-06-15,18:15:00,114.972
2020-06-15,18:30:00,110.136
2020-06-15,18:45:00,84.928
2020-06-15,19:00:00,55.68
2020-06-15,19:15:00,68.808
2020-06-15,19:30:00,66.372
2020-06-15,19:45:00,59.364
2020-06-15,20:00:00,53.324
2020-06-15,20:15:00,33.424
2020-06-15,20:30:00,44.152
2020-06-15,20:45:00,60.128
2020-06-15,21:00:00,59.148
2020-06-15,21:15:00,63.328
2020-06-15,21:30:00,84.596
2020-06-15,21:45:00,76.02
2020-06-15,22:00:00,65.104
2020-06-15,22:15:00,75.7
2020-06-15,22:30:00,64.88
2020-06-15,22:45:00,61.304
2020-06-15,23:00:00,60.188
2020-06-15,23:15:00,61.972
2020-06-15,23:30:00,62.544
2020-06-15,23:45:00,63.18
2020-06-15,00:00:00,64.92
2020-06-16,00:15:00,57.376
2020-06-16,00:30:00,50.628
2020-06-16,00:45:00,54.56
2020-06-16,01:00:00,47.748
2020-06-16,01:15:00,46.056
2020-06-16,01:30:00,35.544
2020-06-16,01:45:00,38.352
2020-06-16,02:00:00,47.644
2020-06-16,02:15:00,48.068
2020-06-16,02:30:00,41.54
2020-06-16,02:45:00,44.68
2020-06-16,03:00:00,48.264
2020-06-16,03:15:00,44.48
2020-06-16,03:30:00,42.868
2020-06-16,03:45:00,41.392
2020-06-16,04:00:00,42.748
2020-06-16,04:15:00,44.348
2020-06-16,04:30:00,54.648
2020-06-16,04:45:00,49.836
2020-06-16,05:00:00,39.044
2020-06-16,05:15:00,47.416
2020-06-16,05:30:00,46.252
2020-06-16,05:45:00,62.964
2020-06-16,06:00:00,50.24
2020-06-16,06:15:00,62.024
2020-06-16,06:30:00,51.208
2020-06-16,06:45:00,44.616
2020-06-16,07:00:00,13.308
2020-06-16,07:15:00,49.936
2020-06-16,07:30:00,52.872
2020-06-16,07:45:00,55.884
2020-06-16,08:00:00,92.744
2020-06-16,08:15:00,97.936
2020-06-16,08:30:00,104.032
2020-06-16,08:45:00,118.176
2020-06-16,09:00:00,146.608
2020-06-16,09:15:00,180.864
2020-06-16,09:30:00,180.852
2020-06-16,09:45:00,202.972
2020-06-16,10:00:00,222.868
2020-06-16,10:15:00,231.996
2020-06-16,10:30:00,227.988
2020-06-16,10:45:00,230.324
2020-06-16,11:00:00,225.724
2020-06-16,11:15:00,220.34
2020-06-16,11:30:00,227.816
2020-06-16,11:45:00,219.596
2020-06-16,12:00:00,222.592
2020-06-16,12:15:00,186.612
2020-06-16,12:30:00,167.328
2020-06-16,12:45:00,163.676
2020-06-16,13:00:00,172.172
2020-06-16,13:15:00,148.68
2020-06-16,13:30:00,153.52
2020-06-16,13:45:00,137.968
2020-06-16,14:00:00,146.324
2020-06-16,14:15:00,162.344
2020-06-16,14:30:00,174.876
2020-06-16,14:45:00,189.192
2020-06-16,15:00:00,174.708
2020-06-16,15:15:00,147.94
2020-06-16,15:30:00,131.808
2020-06-16,15:45:00,135.124
2020-06-16,16:00:00,141.252
2020-06-16,16:15:00,170.028
2020-06-16,16:30:00,173.44
2020-06-16,16:45:00,187.384
2020-06-16,17:00:00,184.5
2020-06-16,17:15:00,184.768
2020-06-16,17:30:00,166.228
2020-06-16,17:45:00,172.964
2020-06-16,18:00:00,168.096
2020-06-16,18:15:00,155.34
2020-06-16,18:30:00,147.34
2020-06-16,18:45:00,117.976
2020-06-16,19:00:00,110.816
2020-06-16,19:15:00,97.228
2020-06-16,19:30:00,88.476
2020-06-16,19:45:00,77.9
2020-06-16,20:00:00,75.684
2020-06-16,20:15:00,84.632
2020-06-16,20:30:00,68.148
2020-06-16,20:45:00,29.592
2020-06-16,21:00:00,43.876
2020-06-16,21:15:00,62.724
2020-06-16,21:30:00,71.108
2020-06-16,21:45:00,55.652
2020-06-16,22:00:00,64.46
2020-06-16,22:15:00,75.06
2020-06-16,22:30:00,66.228
2020-06-16,22:45:00,64.004
2020-06-16,23:00:00,63.756
2020-06-16,23:15:00,60.308
2020-06-16,23:30:00,59.628
2020-06-16,23:45:00,63.288
2020-06-16,00:00:00,63.28
2020-06-17,00:15:00,50.388
2020-06-17,00:30:00,50.5
2020-06-17,00:45:00,47.516
2020-06-17,01:00:00,50.22
2020-06-17,01:15:00,47.176
2020-06-17,01:30:00,51.684
2020-06-17,01:45:00,48.112
2020-06-17,02:00:00,40.364
2020-06-17,02:15:00,40.784
2020-06-17,02:30:00,46.324
2020-06-17,02:45:00,48.696
2020-06-17,03:00:00,47.372
2020-06-17,03:15:00,46.32
2020-06-17,03:30:00,45.328
2020-06-17,03:45:00,47.888
2020-06-17,04:00:00,43.196
2020-06-17,04:15:00,41.18
2020-06-17,04:30:00,46.632
2020-06-17,04:45:00,49.048
2020-06-17,05:00:00,49.12
2020-06-17,05:15:00,60.952
2020-06-17,05:30:00,57.628
2020-06-17,05:45:00,52.844
2020-06-17,06:00:00,46.052
2020-06-17,06:15:00,34.56
2020-06-17,06:30:00,37.776
2020-06-17,06:45:00,27.528
2020-06-17,07:00:00,27.136
2020-06-17,07:15:00,54.42
2020-06-17,07:30:00,78.272
2020-06-17,07:45:00,96.716
2020-06-17,08:00:00,117.572
2020-06-17,08:15:00,112.1
2020-06-17,08:30:00,101.96
2020-06-17,08:45:00,128.296
2020-06-17,09:00:00,133.972
2020-06-17,09:15:00,142.84
2020-06-17,09:30:00,159.396
2020-06-17,09:45:00,188.796
2020-06-17,10:00:00,190.984
2020-06-17,10:15:00,198.956
2020-06-17,10:30:00,190.612
2020-06-17,10:45:00,186.296
2020-06-17,11:00:00,212.844
2020-06-17,11:15:00,210.204
2020-06-17,11:30:00,212.984
2020-06-17,11:45:00,188.948
2020-06-17,12:00:00,178.732
2020-06-17,12:15:00,189.888
2020-06-17,12:30:00,163.436
2020-06-17,12:45:00,159.84
2020-06-17,13:00:00,176.02
2020-06-17,13:15:00,181.388
2020-06-17,13:30:00,186.86
2020-06-17,13:45:00,175.668
2020-06-17,14:00:00,172.104
2020-06-17,14:15:00,163.068
2020-06-17,14:30:00,174.404
2020-06-17,14:45:00,183.092
2020-06-17,15:00:00,148.572
2020-06-17,15:15:00,150.012
2020-06-17,15:30:00,154.636
2020-06-17,15:45:00,144.204
2020-06-17,16:00:00,151.708
2020-06-17,16:15:00,186.412
2020-06-17,16:30:00,152.992
2020-06-17,16:45:00,149.932
2020-06-17,17:00:00,162.916
2020-06-17,17:15:00,155.62
2020-06-17,17:30:00,159.516
2020-06-17,17:45:00,164.94
2020-06-17,18:00:00,160.896
2020-06-17,18:15:00,156.412
2020-06-17,18:30:00,126.208
2020-06-17,18:45:00,125.824
2020-06-17,19:00:00,96.26
2020-06-17,19:15:00,73.948
2020-06-17,19:30:00,102.752
2020-06-17,19:45:00,90.72
2020-06-17,20:00:00,50.16
2020-06-17,20:15:00,67.396
2020-06-17,20:30:00,39.024
2020-06-17,20:45:00,33.832
2020-06-17,21:00:00,69.272
2020-06-17,21:15:00,69.712
2020-06-17,21:30:00,71.892
2020-06-17,21:45:00,51.536
2020-06-17,22:00:00,90.62
2020-06-17,22:15:00,76.272
2020-06-17,22:30:00,52.968
2020-06-17,22:45:00,56.888
2020-06-17,23:00:00,36.74
2020-06-17,23:15:00,50.232
2020-06-17,23:30:00,51.228
2020-06-17,23:45:00,59.932
2020-06-17,00:00:00,52.972
2020-06-18,00:15:00,53.764
2020-06-18,00:30:00,50.488
2020-06-18,00:45:00,37.616
2020-06-18,01:00:00,54.508
2020-06-18,01:15:00,51.828
2020-06-18,01:30:00,47.056
2020-06-18,01:45:00,47.204
2020-06-18,02:00:00,44.3
2020-06-18,02:15:00,44.068
2020-06-18,02:30:00,44.392
2020-06-18,02:45:00,47.3
2020-06-18,03:00:00,44.732
2020-06-18,03:15:00,45.792
2020-06-18,03:30:00,41.02
2020-06-18,03:45:00,38.144
2020-06-18,04:00:00,43.364
2020-06-18,04:15:00,42.348
2020-06-18,04:30:00,47.308
2020-06-18,04:45:00,37.652
2020-06-18,05:00:00,46.264
2020-06-18,05:15:00,60.252
2020-06-18,05:30:00,54.112
2020-06-18,05:45:00,53.008
2020-06-18,06:00:00,69.536
2020-06-18,06:15:00,52.812
2020-06-18,06:30:00,60.6
2020-06-18,06:45:00,46.78
2020-06-18,07:00:00,42.62
2020-06-18,07:15:00,96.16
2020-06-18,07:30:00,97.296
2020-06-18,07:45:00,75.204
2020-06-18,08:00:00,115.18
2020-06-18,08:15:00,123.548
2020-06-18,08:30:00,110.52
2020-06-18,08:45:00,146.084
2020-06-18,09:00:00,167.7
2020-06-18,09:15:00,187.84
2020-06-18,09:30:00,195.872
2020-06-18,09:45:00,196.124
2020-06-18,10:00:00,214.052
2020-06-18,10:15:00,219.768
2020-06-18,10:30:00,221.6
2020-06-18,10:45:00,224.676
2020-06-18,11:00:00,219.46
2020-06-18,11:15:00,248.604
2020-06-18,11:30:00,261.992
2020-06-18,11:45:00,244.004
2020-06-18,12:00:00,233.816
2020-06-18,12:15:00,231.36
2020-06-18,12:30:00,216.564
2020-06-18,12:45:00,201.64
2020-06-18,13:00:00,188.036
2020-06-18,13:15:00,193.768
2020-06-18,13:30:00,198.776
2020-06-18,13:45:00,189.148
2020-06-18,14:00:00,200.664
2020-06-18,14:15:00,205.62
2020-06-18,14:30:00,206.4
2020-06-18,14:45:00,192.58
2020-06-18,15:00:00,151.796
2020-06-18,15:15:00,162.184
2020-06-18,15:30:00,174.732
2020-06-18,15:45:00,176.776
2020-06-18,16:00:00,187.652
2020-06-18,16:15:00,189.268
2020-06-18,16:30:00,178.648
2020-06-18,16:45:00,199.932
2020-06-18,17:00:00,192.1
2020-06-18,17:15:00,207.464
2020-06-18,17:30:00,193.564
2020-06-18,17:45:00,183.552
2020-06-18,18:00:00,184.772
2020-06-18,18:15:00,159.896
2020-06-18,18:30:00,124.408
2020-06-18,18:45:00,122.94
2020-06-18,19:00:00,140.64
2020-06-18,19:15:00,128.68
2020-06-18,19:30:00,105.988
2020-06-18,19:45:00,95.412
2020-06-18,20:00:00,100.176
2020-06-18,20:15:00,83.456
2020-06-18,20:30:00,77.308
2020-06-18,20:45:00,69.44
2020-06-18,21:00:00,85.68
2020-06-18,21:15:00,66.48
2020-06-18,21:30:00,74.588
2020-06-18,21:45:00,87.068
2020-06-18,22:00:00,82.388
2020-06-18,22:15:00,87.004
2020-06-18,22:30:00,65.88
2020-06-18,22:45:00,66.72
2020-06-18,23:00:00,58.736
2020-06-18,23:15:00,59.252
2020-06-18,23:30:00,55.08
2020-06-18,23:45:00,59.472
2020-06-18,00:00:00,62.304
2020-06-19,00:15:00,37.36
2020-06-19,00:30:00,53.584
2020-06-19,00:45:00,49.44
2020-06-19,01:00:00,45.572
2020-06-19,01:15:00,45.884
2020-06-19,01:30:00,34.572
2020-06-19,01:45:00,41.856
2020-06-19,02:00:00,37.88
2020-06-19,02:15:00,36.8
2020-06-19,02:30:00,39.824
2020-06-19,02:45:00,38.82
2020-06-19,03:00:00,39.86
2020-06-19,03:15:00,37.28
2020-06-19,03:30:00,32.172
2020-06-19,03:45:00,29.996
2020-06-19,04:00:00,34.312
2020-06-19,04:15:00,26.904
2020-06-19,04:30:00,36.288
2020-06-19,04:45:00,41.468
2020-06-19,05:00:00,32.172
2020-06-19,05:15:00,45.076
2020-06-19,05:30:00,42.444
2020-06-19,05:45:00,40.848
2020-06-19,06:00:00,57.532
2020-06-19,06:15:00,59.636
2020-06-19,06:30:00,43.72
2020-06-19,06:45:00,38.96
2020-06-19,07:00:00,29.596
2020-06-19,07:15:00,65.404
2020-06-19,07:30:00,99.956
2020-06-19,07:45:00,101.572
2020-06-19,08:00:00,114.936
2020-06-19,08:15:00,139.644
2020-06-19,08:30:00,151.368
2020-06-19,08:45:00,135.176
2020-06-19,09:00:00,157.86
2020-06-19,09:15:00,131.456
2020-06-19,09:30:00,168.212
2020-06-19,09:45:00,201.468
2020-06-19,10:00:00,199.552
2020-06-19,10:15:00,184.952
2020-06-19,10:30:00,205.552
2020-06-19,10:45:00,219.712
2020-06-19,11:00:00,218.7
2020-06-19,11:15:00,220.4
2020-06-19,11:30:00,202.168
2020-06-19,11:45:00,226.78
2020-06-19,12:00:00,203.98
2020-06-19,12:15:00,163.588
2020-06-19,12:30:00,163.388
2020-06-19,12:45:00,161.168
2020-06-19,13:00:00,166.964
2020-06-19,13:15:00,153.56
2020-06-19,13:30:00,155.2
2020-06-19,13:45:00,147.28
2020-06-19,14:00:00,146.208
2020-06-19,14:15:00,161.984
2020-06-19,14:30:00,156.088
2020-06-19,14:45:00,142.504
2020-06-19,15:00:00,152.748
2020-06-19,15:15:00,112.024
2020-06-19,15:30:00,117.144
2020-06-19,15:45:00,144.152
2020-06-19,16:00:00,160.48
2020-06-19,16:15:00,167.872
2020-06-19,16:30:00,170.004
2020-06-19,16:45:00,201.24
2020-06-19,17:00:00,192.504
2020-06-19,17:15:00,186.444
2020-06-19,17:30:00,191.14
2020-06-19,17:45:00,186.384
2020-06-19,18:00:00,159.192
2020-06-19,18:15:00,167.628
2020-06-19,18:30:00,136.384
2020-06-19,18:45:00,146.304
2020-06-19,19:00:00,112.896
2020-06-19,19:15:00,120.212
2020-06-19,19:30:00,121.456
2020-06-19,19:45:00,95.796
2020-06-19,20:00:00,95.996
2020-06-19,20:15:00,80.372
2020-06-19,20:30:00,73.664
2020-06-19,20:45:00,65.316
2020-06-19,21:00:00,70.444
2020-06-19,21:15:00,88.056
2020-06-19,21:30:00,60.472
2020-06-19,21:45:00,59.948
2020-06-19,22:00:00,70.588
2020-06-19,22:15:00,72.24
2020-06-19,22:30:00,55.008
2020-06-19,22:45:00,46.46
2020-06-19,23:00:00,63.02
2020-06-19,23:15:00,62.272
2020-06-19,23:30:00,56.936
2020-06-19,23:45:00,62.34
2020-06-19,00:00:00,53.784
2020-06-20,00:15:00,36.516
2020-06-20,00:30:00,45.932
2020-06-20,00:45:00,42.436
2020-06-20,01:00:00,35.764
2020-06-20,01:15:00,32.332
2020-06-20,01:30:00,40.684
2020-06-20,01:45:00,41.92
2020-06-20,02:00:00,36.136
2020-06-20,02:15:00,31.02
2020-06-20,02:30:00,41.276
2020-06-20,02:45:00,43.512
2020-06-20,03:00:00,40.068
2020-06-20,03:15:00,37.688
2020-06-20,03:30:00,34.172
2020-06-20,03:45:00,31.628
2020-06-20,04:00:00,31.832
2020-06-20,04:15:00,29.956
2020-06-20,04:30:00,23.648
2020-06-20,04:45:00,36.256
2020-06-20,05:00:00,28.788
2020-06-20,05:15:00,31.524
2020-06-20,05:30:00,27.104
2020-06-20,05:45:00,32.932
2020-06-20,06:00:00,24.596
2020-06-20,06:15:00,9.864
2020-06-20,06:30:00,22.964
2020-06-20,06:45:00,23.848
2020-06-20,07:00:00,10.212
2020-06-20,07:15:00,37.752
2020-06-20,07:30:00,38.872
2020-06-20,07:45:00,35.672
2020-06-20,08:00:00,63.944
2020-06-20,08:15:00,59.692
2020-06-20,08:30:00,60.244
2020-06-20,08:45:00,62.024
2020-06-20,09:00:00,88.88
2020-06-20,09:15:00,85.836
2020-06-20,09:30:00,125.404
2020-06-20,09:45:00,163.952
2020-06-20,10:00:00,169.476
2020-06-20,10:15:00,155.352
2020-06-20,10:30:00,176.424
2020-06-20,10:45:00,172.52
2020-06-20,11:00:00,195.256
2020-06-20,11:15:00,170.168
2020-06-20,11:30:00,160.436
2020-06-20,11:45:00,175.7
2020-06-20,12:00:00,179.652
2020-06-20,12:15:00,139.424
2020-06-20,12:30:00,127.664
2020-06-20,12:45:00,98.124
2020-06-20,13:00:00,109.828
2020-06-20,13:15:00,103.04
2020-06-20,13:30:00,127.628
2020-06-20,13:45:00,115.848
2020-06-20,14:00:00,135.792
2020-06-20,14:15:00,77.372
2020-06-20,14:30:00,99.98
2020-06-20,14:45:00,111.904
2020-06-20,15:00:00,87.276
2020-06-20,15:15:00,55.268
2020-06-20,15:30:00,77.696
2020-06-20,15:45:00,61.948
2020-06-20,16:00:00,78.04
2020-06-20,16:15:00,112.312
2020-06-20,16:30:00,91.956
2020-06-20,16:45:00,117.552
2020-06-20,17:00:00,141.44
2020-06-20,17:15:00,156.152
2020-06-20,17:30:00,149.7
2020-06-20,17:45:00,168.72
2020-06-20,18:00:00,144.16
2020-06-20,18:15:00,131.216
2020-06-20,18:30:00,136.836
2020-06-20,18:45:00,136.412
2020-06-20,19:00:00,91.868
2020-06-20,19:15:00,75.752
2020-06-20,19:30:00,106.3
2020-06-20,19:45:00,69.548
2020-06-20,20:00:00,70.196
2020-06-20,20:15:00,75.408
2020-06-20,20:30:00,87.224
2020-06-20,20:45:00,87.82
2020-06-20,21:00:00,80.672
2020-06-20,21:15:00,87.204
2020-06-20,21:30:00,76.396
2020-06-20,21:45:00,76.28
2020-06-20,22:00:00,92.204
2020-06-20,22:15:00,81.568
2020-06-20,22:30:00,69.86
2020-06-20,22:45:00,54.772
2020-06-20,23:00:00,62.128
2020-06-20,23:15:00,51.08
2020-06-20,23:30:00,46.476
2020-06-20,23:45:00,46.216
2020-06-20,00:00:00,38.216
2020-06-21,00:15:00,62.312
2020-06-21,00:30:00,55.488
2020-06-21,00:45:00,49.508
2020-06-21,01:00:00,49.404
2020-06-21,01:15:00,41.528
2020-06-21,01:30:00,35.724
2020-06-21,01:45:00,28.096
2020-06-21,02:00:00,29.04
2020-06-21,02:15:00,29.588
2020-06-21,02:30:00,31.244
2020-06-21,02:45:00,37.912
2020-06-21,03:00:00,36.332
2020-06-21,03:15:00,33.312
2020-06-21,03:30:00,30.132
2020-06-21,03:45:00,28.804
2020-06-21,04:00:00,30.52
2020-06-21,04:15:00,28.768
2020-06-21,04:30:00,21.088
2020-06-21,04:45:00,28.2
2020-06-21,05:00:00,29.668
2020-06-21,05:15:00,29.444
2020-06-21,05:30:00,16.456
2020-06-21,05:45:00,19.588
2020-06-21,06:00:00,14.712
2020-06-21,06:15:00,6.2
2020-06-21,06:30:00,12.116
2020-06-21,06:45:00,16.576
2020-06-21,07:00:00,14.96
2020-06-21,07:15:00,16.732
2020-06-21,07:30:00,31.584
2020-06-21,07:45:00,31.78
2020-06-21,08:00:00,31.232
2020-06-21,08:15:00,18.98
2020-06-21,08:30:00,27.768
2020-06-21,08:45:00,52.924
2020-06-21,09:00:00,57.156
2020-06-21,09:15:00,61.068
2020-06-21,09:30:00,71.6
2020-06-21,09:45:00,53.556
2020-06-21,10:00:00,91.944
2020-06-21,10:15:00,64.564
2020-06-21,10:30:00,65.38
2020-06-21,10:45:00,74.152
2020-06-21,11:00:00,93.292
2020-06-21,11:15:00,113.396
2020-06-21,11:30:00,142.56
2020-06-21,11:45:00,124.9
2020-06-21,12:00:00,91.948
2020-06-21,12:15:00,68.392
2020-06-21,12:30:00,78.496
2020-06-21,12:45:00,71.944
2020-06-21,13:00:00,84.36
2020-06-21,13:15:00,92.996
2020-06-21,13:30:00,95.428
2020-06-21,13:45:00,100.508
2020-06-21,14:00:00,120.824
2020-06-21,14:15:00,103.032
2020-06-21,14:30:00,109.248
2020-06-21,14:45:00,94.736
2020-06-21,15:00:00,93.98
2020-06-21,15:15:00,70.844
2020-06-21,15:30:00,60.212
2020-06-21,15:45:00,51.872
2020-06-21,16:00:00,39.516
2020-06-21,16:15:00,75.368
2020-06-21,16:30:00,105.088
2020-06-21,16:45:00,103.772
2020-06-21,17:00:00,107.84
2020-06-21,17:15:00,130.636
2020-06-21,17:30:00,109.72
2020-06-21,17:45:00,118.548
2020-06-21,18:00:00,98.576
2020-06-21,18:15:00,108.352
2020-06-21,18:30:00,62.12
2020-06-21,18:45:00,69.656
2020-06-21,19:00:00,81.48
2020-06-21,19:15:00,66.96
2020-06-21,19:30:00,74.14
2020-06-21,19:45:00,57.388
2020-06-21,20:00:00,90.028
2020-06-21,20:15:00,69.844
2020-06-21,20:30:00,39.412
2020-06-21,20:45:00,45.964
2020-06-21,21:00:00,47.9
2020-06-21,21:15:00,54.188
2020-06-21,21:30:00,33.448
2020-06-21,21:45:00,44.284
2020-06-21,22:00:00,35.816
2020-06-21,22:15:00,54.352
2020-06-21,22:30:00,42.608
2020-06-21,22:45:00,41.852
2020-06-21,23:00:00,58.196
2020-06-21,23:15:00,49.512
2020-06-21,23:30:00,59.416
2020-06-21,23:45:00,41.964
2020-06-21,00:00:00,41.884
2020-06-22,00:15:00,44.352
2020-06-22,00:30:00,44.188
2020-06-22,00:45:00,46.14
2020-06-22,01:00:00,39.104
2020-06-22,01:15:00,38.872
2020-06-22,01:30:00,36.748
2020-06-22,01:45:00,34.648
2020-06-22,02:00:00,33.224
2020-06-22,02:15:00,30.24
2020-06-22,02:30:00,30.696
2020-06-22,02:45:00,33.868
2020-06-22,03:00:00,32.448
2020-06-22,03:15:00,30.276
2020-06-22,03:30:00,31.736
2020-06-22,03:45:00,33.356
2020-06-22,04:00:00,36.808
2020-06-22,04:15:00,30.876
2020-06-22,04:30:00,33.7
2020-06-22,04:45:00,24.072
2020-06-22,05:00:00,33.312
2020-06-22,05:15:00,34.588
2020-06-22,05:30:00,23.868
2020-06-22,05:45:00,29.62
2020-06-22,06:00:00,36.208
2020-06-22,06:15:00,35.036
2020-06-22,06:30:00,24.536
2020-06-22,06:45:00,38.9
2020-06-22,07:00:00,18.424
2020-06-22,07:15:00,25.696
2020-06-22,07:30:00,51.092
2020-06-22,07:45:00,121.528
2020-06-22,08:00:00,126.036
2020-06-22,08:15:00,121.436
2020-06-22,08:30:00,134.096
2020-06-22,08:45:00,142.608
2020-06-22,09:00:00,147.24
2020-06-22,09:15:00,181.24
2020-06-22,09:30:00,172.972
2020-06-22,09:45:00,171.796
2020-06-22,10:00:00,184.6
2020-06-22,10:15:00,172.812
2020-06-22,10:30:00,166.336
2020-06-22,10:45:00,209.228
2020-06-22,11:00:00,201.804
2020-06-22,11:15:00,222.144
2020-06-22,11:30:00,211.524
2020-06-22,11:45:00,217.856
2020-06-22,12:00:00,218.14
2020-06-22,12:15:00,190.316
2020-06-22,12:30:00,170.048
2020-06-22,12:45:00,144.364
2020-06-22,13:00:00,168.788
2020-06-22,13:15:00,174.392
2020-06-22,13:30:00,160.448
2020-06-22,13:45:00,156.356
2020-06-22,14:00:00,161.712
2020-06-22,14:15:00,187.46
2020-06-22,14:30:00,186.5
2020-06-22,14:45:00,192.808
2020-06-22,15:00:00,180.964
2020-06-22,15:15:00,142.58
2020-06-22,15:30:00,157.72
2020-06-22,15:45:00,169.492
2020-06-22,16:00:00,172.392
2020-06-22,16:15:00,154.2
2020-06-22,16:30:00,182.956
2020-06-22,16:45:00,197.932
2020-06-22,17:00:00,181.516
2020-06-22,17:15:00,189.344
2020-06-22,17:30:00,176.992
2020-06-22,17:45:00,154.752
2020-06-22,18:00:00,154.972
2020-06-22,18:15:00,149.972
2020-06-22,18:30:00,129.084
2020-06-22,18:45:00,130.908
2020-06-22,19:00:00,95.916
2020-06-22,19:15:00,84.408
2020-06-22,19:30:00,106.564
2020-06-22,19:45:00,112.628
2020-06-22,20:00:00,111.48
2020-06-22,20:15:00,103.108
2020-06-22,20:30:00,66.244
2020-06-22,20:45:00,78.92
2020-06-22,21:00:00,58.332
2020-06-22,21:15:00,84.196
2020-06-22,21:30:00,76.54
2020-06-22,21:45:00,80.708
2020-06-22,22:00:00,59.488
2020-06-22,22:15:00,45.704
2020-06-22,22:30:00,56.644
2020-06-22,22:45:00,44.004
2020-06-22,23:00:00,48.328
2020-06-22,23:15:00,59.884
2020-06-22,23:30:00,55.456
2020-06-22,23:45:00,54.16
2020-06-22,00:00:00,57.924
2020-06-23,00:15:00,61.476
2020-06-23,00:30:00,55.052
2020-06-23,00:45:00,50.008
2020-06-23,01:00:00,44.312
2020-06-23,01:15:00,48.188
2020-06-23,01:30:00,43.556
2020-06-23,01:45:00,42.716
2020-06-23,02:00:00,45.028
2020-06-23,02:15:00,37.052
2020-06-23,02:30:00,37.336
2020-06-23,02:45:00,41.668
2020-06-23,03:00:00,37.12
2020-06-23,03:15:00,41.796
2020-06-23,03:30:00,40.52
2020-06-23,03:45:00,38.388
2020-06-23,04:00:00,35.852
2020-06-23,04:15:00,41.144
2020-06-23,04:30:00,45.144
2020-06-23,04:45:00,39.216
2020-06-23,05:00:00,35.904
2020-06-23,05:15:00,44.232
2020-06-23,05:30:00,44.86
2020-06-23,05:45:00,41.204
2020-06-23,06:00:00,54.736
2020-06-23,06:15:00,51.696
2020-06-23,06:30:00,49.952
2020-06-23,06:45:00,42.956
2020-06-23,07:00:00,17.144
2020-06-23,07:15:00,69.436
2020-06-23,07:30:00,93.848
2020-06-23,07:45:00,97.632
2020-06-23,08:00:00,105.28
2020-06-23,08:15:00,139.292
2020-06-23,08:30:00,164.312
2020-06-23,08:45:00,165.636
2020-06-23,09:00:00,175.568
2020-06-23,09:15:00,213.384
2020-06-23,09:30:00,234.996
2020-06-23,09:45:00,219.136
2020-06-23,10:00:00,207.828
2020-06-23,10:15:00,228.688
2020-06-23,10:30:00,211.288
2020-06-23,10:45:00,244.976
2020-06-23,11:00:00,241.624
2020-06-23,11:15:00,235.888
2020-06-23,11:30:00,230.42
2020-06-23,11:45:00,218.004
2020-06-23,12:00:00,207.836
2020-06-23,12:15:00,206.188
2020-06-23,12:30:00,198.612
2020-06-23,12:45:00,187.92
2020-06-23,13:00:00,165.044
2020-06-23,13:15:00,151.128
2020-06-23,13:30:00,179.792
2020-06-23,13:45:00,177.112
2020-06-23,14:00:00,173.376
2020-06-23,14:15:00,183.496
2020-06-23,14:30:00,173.456
2020-06-23,14:45:00,184.332
2020-06-23,15:00:00,193.548
2020-06-23,15:15:00,183.536
2020-06-23,15:30:00,176.652
2020-06-23,15:45:00,188.1
2020-06-23,16:00:00,171.656
2020-06-23,16:15:00,174.868
2020-06-23,16:30:00,193.08
2020-06-23,16:45:00,200.992
2020-06-23,17:00:00,207.512
2020-06-23,17:15:00,192.568
2020-06-23,17:30:00,204.012
2020-06-23,17:45:00,194.224
2020-06-23,18:00:00,165.888
2020-06-23,18:15:00,164.324
2020-06-23,18:30:00,166.048
2020-06-23,18:45:00,173.944
2020-06-23,19:00:00,142.228
2020-06-23,19:15:00,90.076
2020-06-23,19:30:00,61.74
2020-06-23,19:45:00,79.416
2020-06-23,20:00:00,80.224
2020-06-23,20:15:00,69.668
2020-06-23,20:30:00,71.612
2020-06-23,20:45:00,75.364
2020-06-23,21:00:00,51.38
2020-06-23,21:15:00,86.16
2020-06-23,21:30:00,82.684
2020-06-23,21:45:00,73.288
2020-06-23,22:00:00,85.032
2020-06-23,22:15:00,75.5
2020-06-23,22:30:00,55.656
2020-06-23,22:45:00,51.456
2020-06-23,23:00:00,54.708
2020-06-23,23:15:00,47.324
2020-06-23,23:30:00,41.032
2020-06-23,23:45:00,52.492
2020-06-23,00:00:00,56.2
2020-06-24,00:15:00,46.624
2020-06-24,00:30:00,55.736
2020-06-24,00:45:00,56.46
2020-06-24,01:00:00,62.036
2020-06-24,01:15:00,56.964
2020-06-24,01:30:00,47.52
2020-06-24,01:45:00,49.264
2020-06-24,02:00:00,44.928
2020-06-24,02:15:00,47.432
2020-06-24,02:30:00,46.748
2020-06-24,02:45:00,51.068
2020-06-24,03:00:00,47.896
2020-06-24,03:15:00,42.648
2020-06-24,03:30:00,48.684
2020-06-24,03:45:00,47.76
2020-06-24,04:00:00,44.852
2020-06-24,04:15:00,47.1
2020-06-24,04:30:00,44.972
2020-06-24,04:45:00,44.164
2020-06-24,05:00:00,43.648
2020-06-24,05:15:00,34.92
2020-06-24,05:30:00,38.408
2020-06-24,05:45:00,55.296
2020-06-24,06:00:00,57.216
2020-06-24,06:15:00,53.396
2020-06-24,06:30:00,48.28
2020-06-24,06:45:00,53.256
2020-06-24,07:00:00,63.064
2020-06-24,07:15:00,99.168
2020-06-24,07:30:00,122.84
2020-06-24,07:45:00,125.96
2020-06-24,08:00:00,92.696
2020-06-24,08:15:00,143.664
2020-06-24,08:30:00,115.236
2020-06-24,08:45:00,140.128
2020-06-24,09:00:00,158.712
2020-06-24,09:15:00,188.516
2020-06-24,09:30:00,179.724
2020-06-24,09:45:00,197.244
2020-06-24,10:00:00,221.436
2020-06-24,10:15:00,236.476
2020-06-24,10:30:00,246.788
2020-06-24,10:45:00,220.272
2020-06-24,11:00:00,217.24
2020-06-24,11:15:00,250.388
2020-06-24,11:30:00,237.16
2020-06-24,11:45:00,230.544
2020-06-24,12:00:00,233.548
2020-06-24,12:15:00,213.588
2020-06-24,12:30:00,196.852
2020-06-24,12:45:00,195.176
2020-06-24,13:00:00,193.048
2020-06-24,13:15:00,195.472
2020-06-24,13:30:00,199.192
2020-06-24,13:45:00,197.164
2020-06-24,14:00:00,171.084
2020-06-24,14:15:00,199.4
2020-06-24,14:30:00,189.132
2020-06-24,14:45:00,197.376
2020-06-24,15:00:00,167.412
2020-06-24,15:15:00,180.636
2020-06-24,15:30:00,179.5
2020-06-24,15:45:00,156.372
2020-06-24,16:00:00,170.392
2020-06-24,16:15:00,172.668
2020-06-24,16:30:00,185.356
2020-06-24,16:45:00,183.228
2020-06-24,17:00:00,174.464
2020-06-24,17:15:00,194.136
2020-06-24,17:30:00,166.468
2020-06-24,17:45:00,161.308
2020-06-24,18:00:00,167.604
2020-06-24,18:15:00,167.072
2020-06-24,18:30:00,152.092
2020-06-24,18:45:00,133.024
2020-06-24,19:00:00,101.768
2020-06-24,19:15:00,101.756
2020-06-24,19:30:00,114.836
2020-06-24,19:45:00,113.24
2020-06-24,20:00:00,103.392
2020-06-24,20:15:00,97.648
2020-06-24,20:30:00,76.1
2020-06-24,20:45:00,81.02
2020-06-24,21:00:00,80.588
2020-06-24,21:15:00,88.08
2020-06-24,21:30:00,76.264
2020-06-24,21:45:00,61.764
2020-06-24,22:00:00,85.092
2020-06-24,22:15:00,60.164
2020-06-24,22:30:00,67.328
2020-06-24,22:45:00,73.8
2020-06-24,23:00:00,68.048
2020-06-24,23:15:00,52.076
2020-06-24,23:30:00,66.22
2020-06-24,23:45:00,71.628
2020-06-24,00:00:00,65.584
2020-06-25,00:15:00,65.496
2020-06-25,00:30:00,64.02
2020-06-25,00:45:00,62.088
2020-06-25,01:00:00,71.588
2020-06-25,01:15:00,61.864
2020-06-25,01:30:00,64.14
2020-06-25,01:45:00,56.864
2020-06-25,02:00:00,58.488
2020-06-25,02:15:00,56.228
2020-06-25,02:30:00,55.596
2020-06-25,02:45:00,59.312
2020-06-25,03:00:00,53.62
2020-06-25,03:15:00,55.036
2020-06-25,03:30:00,57.064
2020-06-25,03:45:00,54.004
2020-06-25,04:00:00,56.456
2020-06-25,04:15:00,58.908
2020-06-25,04:30:00,62.836
2020-06-25,04:45:00,43.068
2020-06-25,05:00:00,61.38
2020-06-25,05:15:00,68.252
2020-06-25,05:30:00,56.516
2020-06-25,05:45:00,62.7
2020-06-25,06:00:00,83.356
2020-06-25,06:15:00,69.624
2020-06-25,06:30:00,77.112
2020-06-25,06:45:00,79.7
2020-06-25,07:00:00,70.804
2020-06-25,07:15:00,102.304
2020-06-25,07:30:00,118.352
2020-06-25,07:45:00,97.82
2020-06-25,08:00:00,107.192
2020-06-25,08:15:00,145.096
2020-06-25,08:30:00,129.128
2020-06-25,08:45:00,128.996
2020-06-25,09:00:00,170.896
2020-06-25,09:15:00,190.896
2020-06-25,09:30:00,204.976
2020-06-25,09:45:00,190.292
2020-06-25,10:00:00,207.508
2020-06-25,10:15:00,230.752
2020-06-25,10:30:00,218.532
2020-06-25,10:45:00,222.028
2020-06-25,11:00:00,205.312
2020-06-25,11:15:00,236.72
2020-06-25,11:30:00,234.732
2020-06-25,11:45:00,243.456
2020-06-25,12:00:00,248.684
2020-06-25,12:15:00,234.624
2020-06-25,12:30:00,222.988
2020-06-25,12:45:00,198.588
2020-06-25,13:00:00,201.532
2020-06-25,13:15:00,192.64
2020-06-25,13:30:00,192.256
2020-06-25,13:45:00,181.624
2020-06-25,14:00:00,170.36
2020-06-25,14:15:00,185.364
2020-06-25,14:30:00,194.74
2020-06-25,14:45:00,193.584
2020-06-25,15:00:00,190.416
2020-06-25,15:15:00,185.932
2020-06-25,15:30:00,169.688
2020-06-25,15:45:00,174.976
2020-06-25,16:00:00,191.084
2020-06-25,16:15:00,188.304
2020-06-25,16:30:00,185.096
2020-06-25,16:45:00,206.696
2020-06-25,17:00:00,176.208
2020-06-25,17:15:00,217.648
2020-06-25,17:30:00,180.972
2020-06-25,17:45:00,177.548
2020-06-25,18:00:00,184.296
2020-06-25,18:15:00,165.84
2020-06-25,18:30:00,124.6
2020-06-25,18:45:00,117.684
2020-06-25,19:00:00,122.408
2020-06-25,19:15:00,97.384
2020-06-25,19:30:00,78.856
2020-06-25,19:45:00,86.06
2020-06-25,20:00:00,101.888
2020-06-25,20:15:00,93.776
2020-06-25,20:30:00,73.048
2020-06-25,20:45:00,45.596
2020-06-25,21:00:00,74.828
2020-06-25,21:15:00,61.712
2020-06-25,21:30:00,58.116
2020-06-25,21:45:00,103.2
2020-06-25,22:00:00,98.36
2020-06-25,22:15:00,81.828
2020-06-25,22:30:00,84.584
2020-06-25,22:45:00,84.06
2020-06-25,23:00:00,80.64
2020-06-25,23:15:00,75.088
2020-06-25,23:30:00,62.58
2020-06-25,23:45:00,57.576
2020-06-25,00:00:00,69.304
2020-06-26,00:15:00,59.944
2020-06-26,00:30:00,59.088
2020-06-26,00:45:00,47.944
2020-06-26,01:00:00,66.636
2020-06-26,01:15:00,57.752
2020-06-26,01:30:00,57.944
2020-06-26,01:45:00,58.816
2020-06-26,02:00:00,60.66
2020-06-26,02:15:00,61.672
2020-06-26,02:30:00,57.556
2020-06-26,02:45:00,52.9
2020-06-26,03:00:00,47.52
2020-06-26,03:15:00,55.272
2020-06-26,03:30:00,53.664
2020-06-26,03:45:00,52.336
2020-06-26,04:00:00,56.308
2020-06-26,04:15:00,53.984
2020-06-26,04:30:00,58.388
2020-06-26,04:45:00,53.64
2020-06-26,05:00:00,56.012
2020-06-26,05:15:00,72.22
2020-06-26,05:30:00,56.524
2020-06-26,05:45:00,62.52
2020-06-26,06:00:00,73.652
2020-06-26,06:15:00,62.308
2020-06-26,06:30:00,81.444
2020-06-26,06:45:00,92.692
2020-06-26,07:00:00,53.924
2020-06-26,07:15:00,98.276
2020-06-26,07:30:00,124.352
2020-06-26,07:45:00,128.008
2020-06-26,08:00:00,123.004
2020-06-26,08:15:00,112.032
2020-06-26,08:30:00,115.14
2020-06-26,08:45:00,143.864
2020-06-26,09:00:00,141.856
2020-06-26,09:15:00,145.276
2020-06-26,09:30:00,166.324
2020-06-26,09:45:00,190.26
2020-06-26,10:00:00,192.94
2020-06-26,10:15:00,184.092
2020-06-26,10:30:00,207.904
2020-06-26,10:45:00,202.72
2020-06-26,11:00:00,205.8
2020-06-26,11:15:00,225.956
2020-06-26,11:30:00,220.22
2020-06-26,11:45:00,207.032
2020-06-26,12:00:00,199.388
2020-06-26,12:15:00,199.34
2020-06-26,12:30:00,217.812
2020-06-26,12:45:00,203.32
2020-06-26,13:00:00,205.528
2020-06-26,13:15:00,188.28
2020-06-26,13:30:00,204.452
2020-06-26,13:45:00,205.392
2020-06-26,14:00:00,168.348
2020-06-26,14:15:00,177.46
2020-06-26,14:30:00,164.108
2020-06-26,14:45:00,169.22
2020-06-26,15:00:00,168.696
2020-06-26,15:15:00,145.092
2020-06-26,15:30:00,174.52
2020-06-26,15:45:00,172.784
2020-06-26,16:00:00,177.496
2020-06-26,16:15:00,175.352
2020-06-26,16:30:00,176.92
2020-06-26,16:45:00,183.528
2020-06-26,17:00:00,180.868
2020-06-26,17:15:00,191.828
2020-06-26,17:30:00,172.612
2020-06-26,17:45:00,157.116
2020-06-26,18:00:00,148.632
2020-06-26,18:15:00,138.66
2020-06-26,18:30:00,147.444
2020-06-26,18:45:00,131.776
2020-06-26,19:00:00,112.22
2020-06-26,19:15:00,113.308
2020-06-26,19:30:00,113.788
2020-06-26,19:45:00,99.596
2020-06-26,20:00:00,94.34
2020-06-26,20:15:00,66.66
2020-06-26,20:30:00,76.108
2020-06-26,20:45:00,85.864
2020-06-26,21:00:00,88.392
2020-06-26,21:15:00,90.896
2020-06-26,21:30:00,83.392
2020-06-26,21:45:00,81.08
2020-06-26,22:00:00,83.592
2020-06-26,22:15:00,81.744
2020-06-26,22:30:00,82.94
2020-06-26,22:45:00,69.24
2020-06-26,23:00:00,65.828
2020-06-26,23:15:00,72.172
2020-06-26,23:30:00,73.472
2020-06-26,23:45:00,60.776
2020-06-26,00:00:00,56.924
2020-06-27,00:15:00,57.932
2020-06-27,00:30:00,57.56
2020-06-27,00:45:00,67.316
2020-06-27,01:00:00,65.456
2020-06-27,01:15:00,62.236
2020-06-27,01:30:00,63.76
2020-06-27,01:45:00,62.532
2020-06-27,02:00:00,62.52
2020-06-27,02:15:00,65.328
2020-06-27,02:30:00,63.72
2020-06-27,02:45:00,58.468
2020-06-27,03:00:00,54.608
2020-06-27,03:15:00,52.536
2020-06-27,03:30:00,52.984
2020-06-27,03:45:00,63.528
2020-06-27,04:00:00,61.364
2020-06-27,04:15:00,55.54
2020-06-27,04:30:00,61.44
2020-06-27,04:45:00,65.004
2020-06-27,05:00:00,61.86
2020-06-27,05:15:00,64.52
2020-06-27,05:30:00,62.004
2020-06-27,05:45:00,58.74
2020-06-27,06:00:00,56.924
2020-06-27,06:15:00,54.164
2020-06-27,06:30:00,51.556
2020-06-27,06:45:00,55.084
2020-06-27,07:00:00,26.36
2020-06-27,07:15:00,58.708
2020-06-27,07:30:00,73.012
2020-06-27,07:45:00,64.532
2020-06-27,08:00:00,49.892
2020-06-27,08:15:00,55.1
2020-06-27,08:30:00,75.672
2020-06-27,08:45:00,84.508
2020-06-27,09:00:00,88.712
2020-06-27,09:15:00,99.088
2020-06-27,09:30:00,123.516
2020-06-27,09:45:00,127.188
2020-06-27,10:00:00,123.596
2020-06-27,10:15:00,164.572
2020-06-27,10:30:00,147.32
2020-06-27,10:45:00,161.08
2020-06-27,11:00:00,134.1
2020-06-27,11:15:00,152.66
2020-06-27,11:30:00,152.664
2020-06-27,11:45:00,127.064
2020-06-27,12:00:00,137.808
2020-06-27,12:15:00,128.224
2020-06-27,12:30:00,111.376
2020-06-27,12:45:00,125.632
2020-06-27,13:00:00,110.112
2020-06-27,13:15:00,103.996
2020-06-27,13:30:00,117.44
2020-06-27,13:45:00,122.556
2020-06-27,14:00:00,106.392
2020-06-27,14:15:00,120.428
2020-06-27,14:30:00,119.324
2020-06-27,14:45:00,105.548
2020-06-27,15:00:00,127.496
2020-06-27,15:15:00,93.536
2020-06-27,15:30:00,91.688
2020-06-27,15:45:00,113.06
2020-06-27,16:00:00,123.168
2020-06-27,16:15:00,114.736
2020-06-27,16:30:00,99.508
2020-06-27,16:45:00,119.6
2020-06-27,17:00:00,126.04
2020-06-27,17:15:00,108.288
2020-06-27,17:30:00,123.868
2020-06-27,17:45:00,143.6
2020-06-27,18:00:00,135.668
2020-06-27,18:15:00,112.556
2020-06-27,18:30:00,57.832
2020-06-27,18:45:00,73.924
2020-06-27,19:00:00,80.264
2020-06-27,19:15:00,91.692
2020-06-27,19:30:00,104.372
2020-06-27,19:45:00,73.052
2020-06-27,20:00:00,83.54
2020-06-27,20:15:00,65.5
2020-06-27,20:30:00,82.712
2020-06-27,20:45:00,66.652
2020-06-27,21:00:00,79.588
2020-06-27,21:15:00,94.904
2020-06-27,21:30:00,78.404
2020-06-27,21:45:00,103.888
2020-06-27,22:00:00,98.136
2020-06-27,22:15:00,76.956
2020-06-27,22:30:00,72.02
2020-06-27,22:45:00,72.364
2020-06-27,23:00:00,67.044
2020-06-27,23:15:00,82.384
2020-06-27,23:30:00,65.54
2020-06-27,23:45:00,66.228
2020-06-27,00:00:00,63.82
2020-06-28,00:15:00,72.912
2020-06-28,00:30:00,79.06
2020-06-28,00:45:00,67.692
2020-06-28,01:00:00,56.588
2020-06-28,01:15:00,67.216
2020-06-28,01:30:00,70.28
2020-06-28,01:45:00,61.284
2020-06-28,02:00:00,61.104
2020-06-28,02:15:00,60.132
2020-06-28,02:30:00,58.26
2020-06-28,02:45:00,59.012
2020-06-28,03:00:00,54.424
2020-06-28,03:15:00,58.744
2020-06-28,03:30:00,59.06
2020-06-28,03:45:00,58.66
2020-06-28,04:00:00,66.768
2020-06-28,04:15:00,59.832
2020-06-28,04:30:00,64.636
2020-06-28,04:45:00,65.676
2020-06-28,05:00:00,63.308
2020-06-28,05:15:00,67.96
2020-06-28,05:30:00,54.796
2020-06-28,05:45:00,50.72
2020-06-28,06:00:00,50.028
2020-06-28,06:15:00,47.42
2020-06-28,06:30:00,51.556
2020-06-28,06:45:00,49.188
2020-06-28,07:00:00,58.736
2020-06-28,07:15:00,51.4
2020-06-28,07:30:00,59.86
2020-06-28,07:45:00,60.564
2020-06-28,08:00:00,38.268
2020-06-28,08:15:00,46.928
2020-06-28,08:30:00,39.316
2020-06-28,08:45:00,19.96
2020-06-28,09:00:00,62.476
2020-06-28,09:15:00,71.404
2020-06-28,09:30:00,67.952
2020-06-28,09:45:00,66.868
2020-06-28,10:00:00,30.988
2020-06-28,10:15:00,40.588
2020-06-28,10:30:00,106.6
2020-06-28,10:45:00,91.964
2020-06-28,11:00:00,112.832
2020-06-28,11:15:00,131.408
2020-06-28,11:30:00,137.444
2020-06-28,11:45:00,129.028
2020-06-28,12:00:00,132.212
2020-06-28,12:15:00,77.784
2020-06-28,12:30:00,82.708
2020-06-28,12:45:00,85.832
2020-06-28,13:00:00,64.78
2020-06-28,13:15:00,77.8
2020-06-28,13:30:00,89.576
2020-06-28,13:45:00,93.936
2020-06-28,14:00:00,120.656
2020-06-28,14:15:00,109.776
2020-06-28,14:30:00,101.32
2020-06-28,14:45:00,75.816
2020-06-28,15:00:00,68.26
2020-06-28,15:15:00,69.708
2020-06-28,15:30:00,77.496
2020-06-28,15:45:00,93.548
2020-06-28,16:00:00,77.056
2020-06-28,16:15:00,99.108
2020-06-28,16:30:00,92.424
2020-06-28,16:45:00,76.36
2020-06-28,17:00:00,98.792
2020-06-28,17:15:00,97.984
2020-06-28,17:30:00,120.236
2020-06-28,17:45:00,126.292
2020-06-28,18:00:00,126.332
2020-06-28,18:15:00,131.324
2020-06-28,18:30:00,121.012
2020-06-28,18:45:00,99.636
2020-06-28,19:00:00,111.444
2020-06-28,19:15:00,70.244
2020-06-28,19:30:00,69.58
2020-06-28,19:45:00,70.92
2020-06-28,20:00:00,80.336
2020-06-28,20:15:00,56.752
2020-06-28,20:30:00,66.828
2020-06-28,20:45:00,85.928
2020-06-28,21:00:00,86.376
2020-06-28,21:15:00,68.56
2020-06-28,21:30:00,78.352
2020-06-28,21:45:00,81.54
2020-06-28,22:00:00,81.972
2020-06-28,22:15:00,46.54
2020-06-28,22:30:00,45.508
2020-06-28,22:45:00,50.228
2020-06-28,23:00:00,45.72
2020-06-28,23:15:00,44.192
2020-06-28,23:30:00,58.572
2020-06-28,23:45:00,59.904
2020-06-28,00:00:00,70.352
2020-06-29,00:15:00,64.22
2020-06-29,00:30:00,57.428
2020-06-29,00:45:00,55.288
2020-06-29,01:00:00,51.78
2020-06-29,01:15:00,44.564
2020-06-29,01:30:00,49.776
2020-06-29,01:45:00,46.408
2020-06-29,02:00:00,44.892
2020-06-29,02:15:00,49.468
2020-06-29,02:30:00,52.044
2020-06-29,02:45:00,48.124
2020-06-29,03:00:00,47.92
2020-06-29,03:15:00,48.24
2020-06-29,03:30:00,52.472
2020-06-29,03:45:00,46.668
2020-06-29,04:00:00,52.792
2020-06-29,04:15:00,54.044
2020-06-29,04:30:00,53.348
2020-06-29,04:45:00,39.912
2020-06-29,05:00:00,39.308
2020-06-29,05:15:00,54.548
2020-06-29,05:30:00,47.744
2020-06-29,05:45:00,54.52
2020-06-29,06:00:00,33.504
2020-06-29,06:15:00,50.416
2020-06-29,06:30:00,67.14
2020-06-29,06:45:00,63.64
2020-06-29,07:00:00,49.272
2020-06-29,07:15:00,57.12
2020-06-29,07:30:00,98.296
2020-06-29,07:45:00,101.928
2020-06-29,08:00:00,118.996
2020-06-29,08:15:00,116.908
2020-06-29,08:30:00,134.3
2020-06-29,08:45:00,135.528
2020-06-29,09:00:00,145.876
2020-06-29,09:15:00,172.308
2020-06-29,09:30:00,180.948
2020-06-29,09:45:00,178.84
2020-06-29,10:00:00,200.332
2020-06-29,10:15:00,203.916
2020-06-29,10:30:00,201.752
2020-06-29,10:45:00,205.82
2020-06-29,11:00:00,220.476
2020-06-29,11:15:00,223.712
2020-06-29,11:30:00,217.584
2020-06-29,11:45:00,214.316
2020-06-29,12:00:00,227.052
2020-06-29,12:15:00,196.816
2020-06-29,12:30:00,163.5
2020-06-29,12:45:00,167.548
2020-06-29,13:00:00,191.308
2020-06-29,13:15:00,142.464
2020-06-29,13:30:00,162.396
2020-06-29,13:45:00,185.888
2020-06-29,14:00:00,195.312
2020-06-29,14:15:00,187.468
2020-06-29,14:30:00,184.772
2020-06-29,14:45:00,171.66
2020-06-29,15:00:00,169.24
2020-06-29,15:15:00,160.032
2020-06-29,15:30:00,159.856
2020-06-29,15:45:00,159.992
2020-06-29,16:00:00,159.94
2020-06-29,16:15:00,150.684
2020-06-29,16:30:00,168.376
2020-06-29,16:45:00,110.812
2020-06-29,17:00:00,134.944
2020-06-29,17:15:00,115.048
2020-06-29,17:30:00,156.268
2020-06-29,17:45:00,164.568
2020-06-29,18:00:00,138.812
2020-06-29,18:15:00,127.144
2020-06-29,18:30:00,117.376
2020-06-29,18:45:00,101.524
2020-06-29,19:00:00,89.376
2020-06-29,19:15:00,96.78
2020-06-29,19:30:00,81.784
2020-06-29,19:45:00,66.188
2020-06-29,20:00:00,53.524
2020-06-29,20:15:00,82.572
2020-06-29,20:30:00,67.88
2020-06-29,20:45:00,47.44
2020-06-29,21:00:00,73.784
2020-06-29,21:15:00,58.264
2020-06-29,21:30:00,59.036
2020-06-29,21:45:00,70.528
2020-06-29,22:00:00,75.128
2020-06-29,22:15:00,40.328
2020-06-29,22:30:00,41.428
2020-06-29,22:45:00,54.868
2020-06-29,23:00:00,53.868
2020-06-29,23:15:00,63.236
2020-06-29,23:30:00,52.26
2020-06-29,23:45:00,55.988
2020-06-29,00:00:00,61.928
2020-06-30,00:15:00,53.408
2020-06-30,00:30:00,55.72
2020-06-30,00:45:00,57.072
2020-06-30,01:00:00,51.16
2020-06-30,01:15:00,51.332
2020-06-30,01:30:00,48.54
2020-06-30,01:45:00,57.564
2020-06-30,02:00:00,55.012
2020-06-30,02:15:00,54.616
2020-06-30,02:30:00,53.88
2020-06-30,02:45:00,52.136
2020-06-30,03:00:00,49.472
2020-06-30,03:15:00,48.544
2020-06-30,03:30:00,53.72
2020-06-30,03:45:00,52.592
2020-06-30,04:00:00,59.328
2020-06-30,04:15:00,59.588
2020-06-30,04:30:00,62.3
2020-06-30,04:45:00,54.788
2020-06-30,05:00:00,46.708
2020-06-30,05:15:00,43.916
2020-06-30,05:30:00,51.36
2020-06-30,05:45:00,47.852
2020-06-30,06:00:00,76.9
2020-06-30,06:15:00,63.14
2020-06-30,06:30:00,57.4
2020-06-30,06:45:00,48.704
2020-06-30,07:00:00,34.632
2020-06-30,07:15:00,63.604
2020-06-30,07:30:00,79.936
2020-06-30,07:45:00,79.732
2020-06-30,08:00:00,102.144
2020-06-30,08:15:00,121.716
2020-06-30,08:30:00,119.076
2020-06-30,08:45:00,141.188
2020-06-30,09:00:00,136.24
2020-06-30,09:15:00,157.08
2020-06-30,09:30:00,164.436
2020-06-30,09:45:00,160.952
2020-06-30,10:00:00,156.36
2020-06-30,10:15:00,170.732
2020-06-30,10:30:00,190.124
2020-06-30,10:45:00,191.684
2020-06-30,11:00:00,210.14
2020-06-30,11:15:00,199.612
2020-06-30,11:30:00,185.096
2020-06-30,11:45:00,187.944
2020-06-30,12:00:00,198.412
2020-06-30,12:15:00,195.332
2020-06-30,12:30:00,178.492
2020-06-30,12:45:00,175.02
2020-06-30,13:00:00,166.588
2020-06-30,13:15:00,164.112
2020-06-30,13:30:00,178.256
2020-06-30,13:45:00,180.648
2020-06-30,14:00:00,186.052
2020-06-30,14:15:00,192.22
2020-06-30,14:30:00,164.34
2020-06-30,14:45:00,166.336
2020-06-30,15:00:00,163.656
2020-06-30,15:15:00,166.16
2020-06-30,15:30:00,168.58
2020-06-30,15:45:00,161.932
2020-06-30,16:00:00,168.932
2020-06-30,16:15:00,153.464
2020-06-30,16:30:00,168.144
2020-06-30,16:45:00,182.94
2020-06-30,17:00:00,186.404
2020-06-30,17:15:00,163.416
2020-06-30,17:30:00,170.332
2020-06-30,17:45:00,170.972
2020-06-30,18:00:00,163.824
2020-06-30,18:15:00,152.316
2020-06-30,18:30:00,139.872
2020-06-30,18:45:00,109.912
2020-06-30,19:00:00,83.376
2020-06-30,19:15:00,66.296
2020-06-30,19:30:00,94.472
2020-06-30,19:45:00,86.872
2020-06-30,20:00:00,89.66
2020-06-30,20:15:00,68.844
2020-06-30,20:30:00,68.716
2020-06-30,20:45:00,70.136
2020-06-30,21:00:00,85.968
2020-06-30,21:15:00,81.76
2020-06-30,21:30:00,74.696
2020-06-30,21:45:00,58.22
2020-06-30,22:00:00,83.324
2020-06-30,22:15:00,50.56
2020-06-30,22:30:00,74.104
2020-06-30,22:45:00,67.804
2020-06-30,23:00:00,72.532
2020-06-30,23:15:00,84.652
2020-06-30,23:30:00,76.844
2020-06-30,23:45:00,73.1
2020-06-30,00:00:00,73.532